yyyy,mm,tmax,tmin,af,rain,sun,station_name,longitude,latitude,amsl
1914,1,5.9,0.9,---,48.3,---,wick_airport,-3.088,58.454,36
1914,2,7.7,2.3,---,66.0,---,wick_airport,-3.088,58.454,36
1914,3,6.4,1.1,---,76.7,---,wick_airport,-3.088,58.454,36
1914,4,10.8,4.4,---,27.9,---,wick_airport,-3.088,58.454,36
1914,5,10.7,4.4,---,61.0,---,wick_airport,-3.088,58.454,36
1914,6,13.5,7.6,---,21.1,---,wick_airport,-3.088,58.454,36
1914,7,14.4,10.2,---,91.9,---,wick_airport,-3.088,58.454,36
1914,8,15.2,10.2,---,40.6,---,wick_airport,-3.088,58.454,36
1914,9,13.4,7.9,---,58.9,---,wick_airport,-3.088,58.454,36
1914,10,11.8,6.1,---,48.8,---,wick_airport,-3.088,58.454,36
1914,11,8.8,3.0,---,105.2,---,wick_airport,-3.088,58.454,36
1914,12,5.7,0.5,---,84.1,---,wick_airport,-3.088,58.454,36
1915,1,5.6,1.3,---,58.4,---,wick_airport,-3.088,58.454,36
1915,2,5.5,0.9,---,63.5,---,wick_airport,-3.088,58.454,36
1915,3,6.7,1.0,---,50.8,---,wick_airport,-3.088,58.454,36
1915,4,8.7,2.4,---,58.4,---,wick_airport,-3.088,58.454,36
1915,5,9.4,3.6,---,12.7,---,wick_airport,-3.088,58.454,36
1915,6,12.6,6.8,---,22.9,---,wick_airport,-3.088,58.454,36
1915,7,14.3,8.9,---,63.5,---,wick_airport,-3.088,58.454,36
1915,8,14.6,10.3,---,22.9,---,wick_airport,-3.088,58.454,36
1915,9,13.2,8.7,---,86.4,---,wick_airport,-3.088,58.454,36
1915,10,10.9,5.2,---,27.9,---,wick_airport,-3.088,58.454,36
1915,11,6.3,1.2,---,96.5,---,wick_airport,-3.088,58.454,36
1915,12,5.4,0.2,---,111.8,---,wick_airport,-3.088,58.454,36
1916,1,7.7,2.8,---,76.2,---,wick_airport,-3.088,58.454,36
1916,2,5.3,1.0,---,33.0,---,wick_airport,-3.088,58.454,36
1916,3,4.7,0.6,---,53.3,---,wick_airport,-3.088,58.454,36
1916,4,8.7,3.0,---,43.2,---,wick_airport,-3.088,58.454,36
1916,5,9.7,5.1,---,78.7,---,wick_airport,-3.088,58.454,36
1916,6,11.0,7.3,---,86.4,---,wick_airport,-3.088,58.454,36
1916,7,13.8,9.6,---,33.0,---,wick_airport,-3.088,58.454,36
1916,8,13.5,8.8,---,30.5,---,wick_airport,-3.088,58.454,36
1916,9,13.4,8.1,---,33.0,---,wick_airport,-3.088,58.454,36
1916,10,11.1,5.4,---,94.0,---,wick_airport,-3.088,58.454,36
1916,11,9.0,4.3,---,66.0,---,wick_airport,-3.088,58.454,36
1916,12,6.3,1.0,---,86.4,---,wick_airport,-3.088,58.454,36
1917,1,4.6,0.8,---,94.0,---,wick_airport,-3.088,58.454,36
1917,2,5.3,0.4,---,17.8,---,wick_airport,-3.088,58.454,36
1917,3,5.4,0.2,---,53.3,---,wick_airport,-3.088,58.454,36
1917,4,6.8,0.0,---,58.4,---,wick_airport,-3.088,58.454,36
1917,5,10.1,4.7,---,20.3,---,wick_airport,-3.088,58.454,36
1917,6,13.4,7.5,---,78.7,---,wick_airport,-3.088,58.454,36
1917,7,14.4,9.5,---,35.6,---,wick_airport,-3.088,58.454,36
1917,8,14.9,10.7,---,63.5,---,wick_airport,-3.088,58.454,36
1917,9,14.3,8.3,---,81.3,---,wick_airport,-3.088,58.454,36
1917,10,9.2,3.1,---,127.0,---,wick_airport,-3.088,58.454,36
1917,11,9.0,3.6,---,124.5,---,wick_airport,-3.088,58.454,36
1917,12,5.5,1.1,---,40.6,---,wick_airport,-3.088,58.454,36
1918,1,4.3,-1.8,---,48.3,---,wick_airport,-3.088,58.454,36
1918,2,7.2,2.8,---,58.4,---,wick_airport,-3.088,58.454,36
1918,3,7.3,1.8,---,35.6,---,wick_airport,-3.088,58.454,36
1918,4,7.4,2.4,---,30.5,---,wick_airport,-3.088,58.454,36
1918,5,11.7,6.9,---,35.6,---,wick_airport,-3.088,58.454,36
1918,6,13.0,6.2,---,40.6,---,wick_airport,-3.088,58.454,36
1918,7,13.6,9.7,---,139.7,---,wick_airport,-3.088,58.454,36
1918,8,15.0,10.3,---,127.0,---,wick_airport,-3.088,58.454,36
1918,9,11.5,5.3,---,101.6,---,wick_airport,-3.088,58.454,36
1918,10,10.8,5.6,---,48.3,---,wick_airport,-3.088,58.454,36
1918,11,8.5,3.1,---,53.3,---,wick_airport,-3.088,58.454,36
1918,12,6.9,2.7,---,96.5,---,wick_airport,-3.088,58.454,36
1919,1,5.8,2.4,---,81.3,---,wick_airport,-3.088,58.454,36
1919,2,4.3,-1.1,---,38.1,---,wick_airport,-3.088,58.454,36
1919,3,4.9,-0.4,---,86.4,---,wick_airport,-3.088,58.454,36
1919,4,9.2,2.7,---,50.8,---,wick_airport,-3.088,58.454,36
1919,5,10.8,6.3,---,15.2,---,wick_airport,-3.088,58.454,36
1919,6,13.5,7.7,---,73.7,---,wick_airport,-3.088,58.454,36
1919,7,13.7,8.3,---,20.3,---,wick_airport,-3.088,58.454,36
1919,8,14.7,8.8,---,86.4,---,wick_airport,-3.088,58.454,36
1919,9,13.3,6.7,---,96.5,---,wick_airport,-3.088,58.454,36
1919,10,10.2,4.7,---,71.1,---,wick_airport,-3.088,58.454,36
1919,11,5.7,0.2,---,124.5,---,wick_airport,-3.088,58.454,36
1919,12,5.7,0.5,---,124.5,---,wick_airport,-3.088,58.454,36
1920,1,5.8,0.2,---,83.8,---,wick_airport,-3.088,58.454,36
1920,2,7.4,1.7,---,60.2,---,wick_airport,-3.088,58.454,36
1920,3,7.7,1.9,---,80.5,---,wick_airport,-3.088,58.454,36
1920,4,7.8,2.9,---,50.8,---,wick_airport,-3.088,58.454,36
1920,5,10.9,5.1,---,72.6,---,wick_airport,-3.088,58.454,36
1920,6,12.6,7.9,---,19.8,---,wick_airport,-3.088,58.454,36
1920,7,14.8,8.6,---,48.0,---,wick_airport,-3.088,58.454,36
1920,8,14.0,8.4,---,24.1,---,wick_airport,-3.088,58.454,36
1920,9,13.3,7.1,---,62.0,---,wick_airport,-3.088,58.454,36
1920,10,11.8,8.6,---,15.7,---,wick_airport,-3.088,58.454,36
1920,11,9.9,5.0,---,84.6,---,wick_airport,-3.088,58.454,36
1920,12,7.0,2.3,---,60.7,---,wick_airport,-3.088,58.454,36
1921,1,7.2,1.7,---,71.6,---,wick_airport,-3.088,58.454,36
1921,2,7.9,3.1,---,28.7,---,wick_airport,-3.088,58.454,36
1921,3,7.9,1.6,---,40.9,---,wick_airport,-3.088,58.454,36
1921,4,9.6,3.7,---,25.9,---,wick_airport,-3.088,58.454,36
1921,5,11.9,5.1,---,43.2,---,wick_airport,-3.088,58.454,36
1921,6,13.2,7.3,---,28.4,---,wick_airport,-3.088,58.454,36
1921,7,14.9,9.3,---,61.5,---,wick_airport,-3.088,58.454,36
1921,8,14.1,8.6,---,47.2,---,wick_airport,-3.088,58.454,36
1921,9,13.7,8.5,---,80.8,---,wick_airport,-3.088,58.454,36
1921,10,12.2,7.4,---,58.7,---,wick_airport,-3.088,58.454,36
1921,11,7.1,3.4,---,49.5,---,wick_airport,-3.088,58.454,36
1921,12,7.2,3.3,---,105.2,---,wick_airport,-3.088,58.454,36
1922,1,4.9,1.9,---,83.1,---,wick_airport,-3.088,58.454,36
1922,2,5.8,1.7,---,45.7,---,wick_airport,-3.088,58.454,36
1922,3,6.7,1.9,---,42.7,---,wick_airport,-3.088,58.454,36
1922,4,6.9,1.4,---,86.6,---,wick_airport,-3.088,58.454,36
1922,5,11.8,5.2,---,46.5,---,wick_airport,-3.088,58.454,36
1922,6,12.5,6.9,---,46.0,---,wick_airport,-3.088,58.454,36
1922,7,13.3,7.8,---,80.3,---,wick_airport,-3.088,58.454,36
1922,8,13.6,8.3,---,52.1,---,wick_airport,-3.088,58.454,36
1922,9,12.6,7.2,---,71.4,---,wick_airport,-3.088,58.454,36
1922,10,10.2,5.9,---,39.1,---,wick_airport,-3.088,58.454,36
1922,11,8.1,3.8,---,67.8,---,wick_airport,-3.088,58.454,36
1922,12,7.1,3.6,---,60.5,---,wick_airport,-3.088,58.454,36
1923,1,7.1,3.1,---,100.8,---,wick_airport,-3.088,58.454,36
1923,2,5.7,---,---,62.0,---,wick_airport,-3.088,58.454,36
1923,3,6.9,3.9,---,18.3,---,wick_airport,-3.088,58.454,36
1923,4,7.0,3.8,---,69.6,---,wick_airport,-3.088,58.454,36
1923,5,9.3,3.9,---,93.2,---,wick_airport,-3.088,58.454,36
1923,6,12.2,7.0,---,57.4,---,wick_airport,-3.088,58.454,36
1923,7,15.2,10.1,---,69.9,---,wick_airport,-3.088,58.454,36
1923,8,14.3,9.3,---,91.4,---,wick_airport,-3.088,58.454,36
1923,9,12.8,7.3,---,84.8,---,wick_airport,-3.088,58.454,36
1923,10,10.2,5.4,---,112.3,---,wick_airport,-3.088,58.454,36
1923,11,5.9,2.0,---,111.0,---,wick_airport,-3.088,58.454,36
1923,12,5.4,1.9,---,110.5,---,wick_airport,-3.088,58.454,36
1924,1,6.1,3.4,---,49.5,---,wick_airport,-3.088,58.454,36
1924,2,5.7,2.7,---,57.2,---,wick_airport,-3.088,58.454,36
1924,3,4.9,0.9,---,39.9,---,wick_airport,-3.088,58.454,36
1924,4,8.2,2.6,---,26.2,---,wick_airport,-3.088,58.454,36
1924,5,9.4,5.1,---,58.4,---,wick_airport,-3.088,58.454,36
1924,6,12.1,7.4,---,36.6,---,wick_airport,-3.088,58.454,36
1924,7,14.8,9.6,---,97.8,---,wick_airport,-3.088,58.454,36
1924,8,14.8,10.3,---,58.4,---,wick_airport,-3.088,58.454,36
1924,9,13.2,8.1,---,103.1,---,wick_airport,-3.088,58.454,36
1924,10,11.1,6.9,---,59.7,---,wick_airport,-3.088,58.454,36
1924,11,9.2,6.2,---,37.8,---,wick_airport,-3.088,58.454,36
1924,12,8.2,5.1,---,37.6,---,wick_airport,-3.088,58.454,36
1925,1,6.6,3.7,---,39.6,---,wick_airport,-3.088,58.454,36
1925,2,5.7,1.7,---,77.2,---,wick_airport,-3.088,58.454,36
1925,3,6.7,1.7,---,58.7,---,wick_airport,-3.088,58.454,36
1925,4,8.2,3.1,---,41.9,---,wick_airport,-3.088,58.454,36
1925,5,10.4,6.5,---,53.6,---,wick_airport,-3.088,58.454,36
1925,6,13.7,8.3,---,34.5,---,wick_airport,-3.088,58.454,36
1925,7,15.4,10.8,---,77.5,---,wick_airport,-3.088,58.454,36
1925,8,14.1,9.5,---,47.0,---,wick_airport,-3.088,58.454,36
1925,9,11.5,7.4,---,47.0,---,wick_airport,-3.088,58.454,36
1925,10,10.4,6.7,---,73.9,---,wick_airport,-3.088,58.454,36
1925,11,6.7,2.5,---,47.5,---,wick_airport,-3.088,58.454,36
1925,12,4.1,0.2,---,65.8,---,wick_airport,-3.088,58.454,36
1926,1,6.3,3.6,---,56.4,---,wick_airport,-3.088,58.454,36
1926,2,6.7,3.3,---,53.3,---,wick_airport,-3.088,58.454,36
1926,3,7.6,3.1,---,70.6,---,wick_airport,-3.088,58.454,36
1926,4,9.2,5.0,---,68.8,---,wick_airport,-3.088,58.454,36
1926,5,9.8,5.0,---,48.0,---,wick_airport,-3.088,58.454,36
1926,6,11.9,8.2,---,39.1,---,wick_airport,-3.088,58.454,36
1926,7,14.9,10.1,---,39.6,---,wick_airport,-3.088,58.454,36
1926,8,15.1,10.3,---,51.3,---,wick_airport,-3.088,58.454,36
1926,9,13.4,8.4,---,76.2,---,wick_airport,-3.088,58.454,36
1926,10,8.7,3.6,---,158.5,---,wick_airport,-3.088,58.454,36
1926,11,7.9,3.7,---,62.2,---,wick_airport,-3.088,58.454,36
1926,12,6.7,2.8,---,89.7,---,wick_airport,-3.088,58.454,36
1927,1,6.2,1.9,---,62.5,---,wick_airport,-3.088,58.454,36
1927,2,6.8,2.9,---,50.3,---,wick_airport,-3.088,58.454,36
1927,3,8.2,3.9,---,40.9,---,wick_airport,-3.088,58.454,36
1927,4,8.0,2.1,---,106.9,---,wick_airport,-3.088,58.454,36
1927,5,8.9,4.3,---,52.6,---,wick_airport,-3.088,58.454,36
1927,6,11.3,6.1,---,73.4,---,wick_airport,-3.088,58.454,36
1927,7,14.4,10.1,---,32.5,---,wick_airport,-3.088,58.454,36
1927,8,14.6,10.3,---,50.8,---,wick_airport,-3.088,58.454,36
1927,9,12.1,7.6,---,83.3,---,wick_airport,-3.088,58.454,36
1927,10,10.7,5.8,---,101.6,---,wick_airport,-3.088,58.454,36
1927,11,7.6,3.8,---,92.2,---,wick_airport,-3.088,58.454,36
1927,12,5.3,2.1,---,22.4,---,wick_airport,-3.088,58.454,36
1928,1,5.7,2.0,---,119.4,---,wick_airport,-3.088,58.454,36
1928,2,6.6,2.2,---,42.9,---,wick_airport,-3.088,58.454,36
1928,3,6.2,3.4,---,42.9,---,wick_airport,-3.088,58.454,36
1928,4,8.1,4.2,---,40.6,---,wick_airport,-3.088,58.454,36
1928,5,9.4,6.0,---,36.6,---,wick_airport,-3.088,58.454,36
1928,6,11.2,6.3,---,81.0,---,wick_airport,-3.088,58.454,36
1928,7,13.8,9.4,---,55.1,---,wick_airport,-3.088,58.454,36
1928,8,13.1,9.6,---,53.1,---,wick_airport,-3.088,58.454,36
1928,9,12.8,7.9,---,60.7,---,wick_airport,-3.088,58.454,36
1928,10,11.1,6.6,---,64.5,---,wick_airport,-3.088,58.454,36
1928,11,8.6,4.5,---,116.3,---,wick_airport,-3.088,58.454,36
1928,12,6.2,3.3,---,88.1,---,wick_airport,-3.088,58.454,36
1929,1,4.8,0.9,---,32.5,---,wick_airport,-3.088,58.454,36
1929,2,4.3,1.4,---,35.6,---,wick_airport,-3.088,58.454,36
1929,3,9.1,3.5,---,22.4,---,wick_airport,-3.088,58.454,36
1929,4,6.6,1.9,---,42.9,---,wick_airport,-3.088,58.454,36
1929,5,10.9,5.8,---,49.3,---,wick_airport,-3.088,58.454,36
1929,6,12.0,7.4,---,96.8,---,wick_airport,-3.088,58.454,36
1929,7,14.4,9.0,---,33.3,---,wick_airport,-3.088,58.454,36
1929,8,14.3,9.4,---,121.7,---,wick_airport,-3.088,58.454,36
1929,9,14.4,9.2,---,89.4,---,wick_airport,-3.088,58.454,36
1929,10,10.2,5.3,---,112.0,---,wick_airport,-3.088,58.454,36
1929,11,7.9,4.3,---,81.3,---,wick_airport,-3.088,58.454,36
1929,12,6.5,3.8,---,142.5,---,wick_airport,-3.088,58.454,36
1930,1,5.9,2.6,---,51.1,---,wick_airport,-3.088,58.454,36
1930,2,5.3,1.1,---,31.0,---,wick_airport,-3.088,58.454,36
1930,3,5.4,0.7,---,40.6,---,wick_airport,-3.088,58.454,36
1930,4,8.2,4.4,---,53.8,---,wick_airport,-3.088,58.454,36
1930,5,9.8,5.6,---,38.4,---,wick_airport,-3.088,58.454,36
1930,6,14.1,8.5,---,81.0,---,wick_airport,-3.088,58.454,36
1930,7,14.4,9.9,---,34.5,---,wick_airport,-3.088,58.454,36
1930,8,14.9,10.7,---,141.5,---,wick_airport,-3.088,58.454,36
1930,9,13.5,9.8,---,98.3,---,wick_airport,-3.088,58.454,36
1930,10,10.4,7.0,---,92.5,---,wick_airport,-3.088,58.454,36
1930,11,6.9,2.8,---,97.8,---,wick_airport,-3.088,58.454,36
1930,12,7.2,3.0,3,51.8,---,wick_airport,-3.088,58.454,36
1931,1,5.5,0.6,9,79.5,---,wick_airport,-3.088,58.454,36
1931,2,5.2,0.2,9,73.8,---,wick_airport,-3.088,58.454,36
1931,3,4.7,-0.5,14,29.7,---,wick_airport,-3.088,58.454,36
1931,4,8.3,2.9,0,46.2,---,wick_airport,-3.088,58.454,36
1931,5,10.6,6.0,0,124.6,---,wick_airport,-3.088,58.454,36
1931,6,12.0,7.1,0,72.8,---,wick_airport,-3.088,58.454,36
1931,7,14.2,10.1,0,74.5,---,wick_airport,-3.088,58.454,36
1931,8,13.2,---,0,27.1,---,wick_airport,-3.088,58.454,36
1931,9,12.8,7.7,0,23.8,---,wick_airport,-3.088,58.454,36
1931,10,10.9,4.8,3,74.4,---,wick_airport,-3.088,58.454,36
1931,11,9.7,6.1,0,67.0,---,wick_airport,-3.088,58.454,36
1931,12,8.2,3.1,3,71.1,---,wick_airport,-3.088,58.454,36
1932,1,8.2,2.6,3,86.5,---,wick_airport,-3.088,58.454,36
1932,2,7.6,3.0,5,13.8,---,wick_airport,-3.088,58.454,36
1932,3,6.6,1.9,8,52.0,---,wick_airport,-3.088,58.454,36
1932,4,7.6,1.6,3,75.4,---,wick_airport,-3.088,58.454,36
1932,5,10.1,5.5,0,35.5,---,wick_airport,-3.088,58.454,36
1932,6,12.6,7.8,0,16.6,---,wick_airport,-3.088,58.454,36
1932,7,15.5,9.9,0,76.3,---,wick_airport,-3.088,58.454,36
1932,8,15.6,10.4,0,69.0,---,wick_airport,-3.088,58.454,36
1932,9,13.5,7.4,1,97.1,---,wick_airport,-3.088,58.454,36
1932,10,9.8,4.6,3,125.3,---,wick_airport,-3.088,58.454,36
1932,11,8.4,3.0,1,74.3,---,wick_airport,-3.088,58.454,36
1932,12,7.7,2.9,5,51.1,---,wick_airport,-3.088,58.454,36
1933,1,5.7,0.8,8,44.6,---,wick_airport,-3.088,58.454,36
1933,2,5.3,0.5,10,86.8,---,wick_airport,-3.088,58.454,36
1933,3,8.5,3.4,2,47.4,---,wick_airport,-3.088,58.454,36
1933,4,9.2,3.9,1,34.4,---,wick_airport,-3.088,58.454,36
1933,5,10.3,5.7,1,18.4,---,wick_airport,-3.088,58.454,36
1933,6,14.8,8.7,0,37.2,---,wick_airport,-3.088,58.454,36
1933,7,17.3,11.5,0,56.2,---,wick_airport,-3.088,58.454,36
1933,8,17.0,10.7,0,65.4,---,wick_airport,-3.088,58.454,36
1933,9,14.6,8.3,0,29.8,---,wick_airport,-3.088,58.454,36
1933,10,11.4,5.9,0,98.8,---,wick_airport,-3.088,58.454,36
1933,11,8.8,4.2,1,74.7,---,wick_airport,-3.088,58.454,36
1933,12,7.3,2.9,3,27.8,---,wick_airport,-3.088,58.454,36
1934,1,7.2,2.5,1,46.7,---,wick_airport,-3.088,58.454,36
1934,2,---,2.1,3,41.1,---,wick_airport,-3.088,58.454,36
1934,3,7.1,0.8,8,53.3,---,wick_airport,-3.088,58.454,36
1934,4,8.0,2.8,3,134.4,---,wick_airport,-3.088,58.454,36
1934,5,11.9,4.6,1,44.6,---,wick_airport,-3.088,58.454,36
1934,6,13.3,7.9,0,26.9,---,wick_airport,-3.088,58.454,36
1934,7,16.0,10.5,0,58.4,---,wick_airport,-3.088,58.454,36
1934,8,15.8,10.3,0,103.9,---,wick_airport,-3.088,58.454,36
1934,9,14.8,8.9,0,58.5,---,wick_airport,-3.088,58.454,36
1934,10,11.5,5.0,2,124.2,---,wick_airport,-3.088,58.454,36
1934,11,8.6,2.6,6,51.0,---,wick_airport,-3.088,58.454,36
1934,12,8.8,5.7,0,63.6,---,wick_airport,-3.088,58.454,36
1935,1,7.4,3.0,4,90.7,---,wick_airport,-3.088,58.454,36
1935,2,6.4,0.6,10,65.3,---,wick_airport,-3.088,58.454,36
1935,3,8.5,3.2,4,48.9,---,wick_airport,-3.088,58.454,36
1935,4,8.3,3.0,7,72.7,---,wick_airport,-3.088,58.454,36
1935,5,9.9,4.8,2,14.1,---,wick_airport,-3.088,58.454,36
1935,6,12.9,8.0,0,23.3,---,wick_airport,-3.088,58.454,36
1935,7,16.3,9.3,0,66.2,---,wick_airport,-3.088,58.454,36
1935,8,16.0,10.4,0,74.4,---,wick_airport,-3.088,58.454,36
1935,9,13.8,8.0,1,104.0,---,wick_airport,-3.088,58.454,36
1935,10,10.4,4.2,1,115.9,---,wick_airport,-3.088,58.454,36
1935,11,8.8,4.2,0,115.9,---,wick_airport,-3.088,58.454,36
1935,12,5.7,0.4,13,78.2,---,wick_airport,-3.088,58.454,36
1936,1,5.0,0.0,15,103.1,---,wick_airport,-3.088,58.454,36
1936,2,5.2,0.4,10,37.7,---,wick_airport,-3.088,58.454,36
1936,3,7.1,2.5,5,34.9,---,wick_airport,-3.088,58.454,36
1936,4,8.3,1.8,5,32.5,---,wick_airport,-3.088,58.454,36
1936,5,10.2,5.8,0,49.7,---,wick_airport,-3.088,58.454,36
1936,6,13.7,7.3,0,28.1,---,wick_airport,-3.088,58.454,36
1936,7,15.4,10.5,0,121.2,---,wick_airport,-3.088,58.454,36
1936,8,16.1,10.5,0,64.2,---,wick_airport,-3.088,58.454,36
1936,9,13.8,9.3,0,69.6,---,wick_airport,-3.088,58.454,36
1936,10,11.4,4.8,2,88.0,---,wick_airport,-3.088,58.454,36
1936,11,8.9,2.9,2,67.2,---,wick_airport,-3.088,58.454,36
1936,12,7.3,1.8,4,83.1,---,wick_airport,-3.088,58.454,36
1937,1,6.6,2.5,3,99.1,---,wick_airport,-3.088,58.454,36
1937,2,5.3,0.6,9,88.1,---,wick_airport,-3.088,58.454,36
1937,3,4.7,-0.2,14,49.8,---,wick_airport,-3.088,58.454,36
1937,4,8.7,3.9,1,29.1,---,wick_airport,-3.088,58.454,36
1937,5,11.4,6.4,0,17.5,---,wick_airport,-3.088,58.454,36
1937,6,13.8,8.0,1,70.4,---,wick_airport,-3.088,58.454,36
1937,7,15.2,10.6,0,49.7,---,wick_airport,-3.088,58.454,36
1937,8,15.4,9.9,0,78.5,---,wick_airport,-3.088,58.454,36
1937,9,14.3,7.6,0,44.4,---,wick_airport,-3.088,58.454,36
1937,10,12.2,6.5,1,63.8,---,wick_airport,-3.088,58.454,36
1937,11,8.3,3.5,4,37.2,---,wick_airport,-3.088,58.454,36
1937,12,6.1,1.0,10,56.0,---,wick_airport,-3.088,58.454,36
1938,1,7.2,2.3,4,89.9,---,wick_airport,-3.088,58.454,36
1938,2,7.2,1.9,2,52.0,---,wick_airport,-3.088,58.454,36
1938,3,11.0,4.3,1,53.7,---,wick_airport,-3.088,58.454,36
1938,4,10.0,3.4,4,39.6,---,wick_airport,-3.088,58.454,36
1938,5,10.9,5.3,2,66.4,---,wick_airport,-3.088,58.454,36
1938,6,13.4,7.9,0,89.2,---,wick_airport,-3.088,58.454,36
1938,7,15.0,9.7,0,87.9,---,wick_airport,-3.088,58.454,36
1938,8,15.6,9.3,0,60.3,---,wick_airport,-3.088,58.454,36
1938,9,14.3,8.4,0,74.5,---,wick_airport,-3.088,58.454,36
1938,10,11.9,6.3,0,113.1,---,wick_airport,-3.088,58.454,36
1938,11,9.3,4.3,4,71.2,---,wick_airport,-3.088,58.454,36
1938,12,6.9,2.5,5,49.9,---,wick_airport,-3.088,58.454,36
1939,1,5.4,-0.4,16,93.6,---,wick_airport,-3.088,58.454,36
1939,2,7.8,2.9,3,31.8,---,wick_airport,-3.088,58.454,36
1939,3,7.5,2.6,1,49.5,---,wick_airport,-3.088,58.454,36
1939,4,9.0,3.4,1,25.2,---,wick_airport,-3.088,58.454,36
1939,5,11.4,6.7,0,19.9,---,wick_airport,-3.088,58.454,36
1939,6,14.5,8.2,0,31.2,---,wick_airport,-3.088,58.454,36
1939,7,14.2,9.7,0,118.3,---,wick_airport,-3.088,58.454,36
1939,8,15.4,10.6,0,40.3,---,wick_airport,-3.088,58.454,36
1939,9,14.6,9.4,0,40.5,---,wick_airport,-3.088,58.454,36
1939,10,10.5,5.1,0,39.7,---,wick_airport,-3.088,58.454,36
1939,11,9.4,4.3,2,104.5,---,wick_airport,-3.088,58.454,36
1939,12,6.7,2.6,5,85.0,---,wick_airport,-3.088,58.454,36
1940,1,4.3,-1.1,14,36.3,---,wick_airport,-3.088,58.454,36
1940,2,5.1,0.9,7,18.0,---,wick_airport,-3.088,58.454,36
1940,3,6.8,0.7,12,45.1,---,wick_airport,-3.088,58.454,36
1940,4,8.2,3.5,1,74.1,---,wick_airport,-3.088,58.454,36
1940,5,11.9,7.0,0,44.3,---,wick_airport,-3.088,58.454,36
1940,6,15.1,8.9,0,25.4,---,wick_airport,-3.088,58.454,36
1940,7,14.1,9.9,0,114.6,---,wick_airport,-3.088,58.454,36
1940,8,15.2,8.6,0,64.3,---,wick_airport,-3.088,58.454,36
1940,9,13.4,7.1,0,57.7,---,wick_airport,-3.088,58.454,36
1940,10,11.1,6.7,0,57.3,---,wick_airport,-3.088,58.454,36
1940,11,8.8,3.3,0,99.2,---,wick_airport,-3.088,58.454,36
1940,12,6.8,2.0,5,49.6,---,wick_airport,-3.088,58.454,36
1941,1,3.9,-0.6,12,29.8,---,wick_airport,-3.088,58.454,36
1941,2,4.6,-0.4,12,69.0,---,wick_airport,-3.088,58.454,36
1941,3,5.7,0.3,10,38.3,---,wick_airport,-3.088,58.454,36
1941,4,7.0,2.3,2,36.7,---,wick_airport,-3.088,58.454,36
1941,5,9.4,4.2,3,23.1,---,wick_airport,-3.088,58.454,36
1941,6,13.6,7.8,0,12.8,---,wick_airport,-3.088,58.454,36
1941,7,15.5,9.9,0,50.4,---,wick_airport,-3.088,58.454,36
1941,8,15.0,9.6,0,104.8,---,wick_airport,-3.088,58.454,36
1941,9,15.2,9.8,0,39.5,---,wick_airport,-3.088,58.454,36
1941,10,11.8,5.2,2,88.2,---,wick_airport,-3.088,58.454,36
1941,11,9.0,4.6,2,81.6,---,wick_airport,-3.088,58.454,36
1941,12,7.7,2.7,3,52.6,---,wick_airport,-3.088,58.454,36
1942,1,4.5,0.0,14,111.0,---,wick_airport,-3.088,58.454,36
1942,2,4.7,-0.6,15,58.1,---,wick_airport,-3.088,58.454,36
1942,3,5.9,1.1,10,31.1,---,wick_airport,-3.088,58.454,36
1942,4,9.5,3.4,2,24.5,---,wick_airport,-3.088,58.454,36
1942,5,11.3,4.3,2,49.8,---,wick_airport,-3.088,58.454,36
1942,6,13.5,7.0,0,24.8,---,wick_airport,-3.088,58.454,36
1942,7,15.9,9.0,0,98.1,---,wick_airport,-3.088,58.454,36
1942,8,15.5,10.2,0,43.5,---,wick_airport,-3.088,58.454,36
1942,9,14.4,7.4,0,81.7,---,wick_airport,-3.088,58.454,36
1942,10,11.0,5.1,0,109.1,---,wick_airport,-3.088,58.454,36
1942,11,8.6,3.2,3,34.4,---,wick_airport,-3.088,58.454,36
1942,12,7.9,3.0,6,91.3,---,wick_airport,-3.088,58.454,36
1943,1,6.4,1.8,6,58.9,---,wick_airport,-3.088,58.454,36
1943,2,8.7,2.2,3,83.1,---,wick_airport,-3.088,58.454,36
1943,3,9.1,3.0,4,26.8,---,wick_airport,-3.088,58.454,36
1943,4,11.3,4.2,2,63.5,---,wick_airport,-3.088,58.454,36
1943,5,11.8,5.3,1,56.4,---,wick_airport,-3.088,58.454,36
1943,6,14.4,8.1,0,44.7,---,wick_airport,-3.088,58.454,36
1943,7,15.4,8.9,0,89.0,---,wick_airport,-3.088,58.454,36
1943,8,14.9,8.2,0,84.7,---,wick_airport,-3.088,58.454,36
1943,9,14.2,8.0,0,90.0,---,wick_airport,-3.088,58.454,36
1943,10,12.9,7.6,0,43.1,---,wick_airport,-3.088,58.454,36
1943,11,8.1,3.2,1,103.8,---,wick_airport,-3.088,58.454,36
1943,12,7.2,2.3,3,51.6,---,wick_airport,-3.088,58.454,36
1944,1,7.1,1.5,8,92.9,---,wick_airport,-3.088,58.454,36
1944,2,6.6,1.0,8,50.6,---,wick_airport,-3.088,58.454,36
1944,3,7.2,1.1,12,67.9,---,wick_airport,-3.088,58.454,36
1944,4,10.1,4.5,2,51.9,---,wick_airport,-3.088,58.454,36
1944,5,11.3,5.9,0,60.9,---,wick_airport,-3.088,58.454,36
1944,6,13.3,7.7,0,75.0,---,wick_airport,-3.088,58.454,36
1944,7,14.7,10.4,0,34.8,---,wick_airport,-3.088,58.454,36
1944,8,16.8,10.2,0,40.2,---,wick_airport,-3.088,58.454,36
1944,9,13.6,7.0,0,77.9,---,wick_airport,-3.088,58.454,36
1944,10,11.2,5.5,0,76.1,---,wick_airport,-3.088,58.454,36
1944,11,6.9,1.7,4,107.4,---,wick_airport,-3.088,58.454,36
1944,12,6.2,1.4,7,79.5,---,wick_airport,-3.088,58.454,36
1945,1,3.7,-2.5,23,93.1,---,wick_airport,-3.088,58.454,36
1945,2,8.1,2.3,4,48.9,---,wick_airport,-3.088,58.454,36
1945,3,10.4,4.4,0,29.2,88.1,wick_airport,-3.088,58.454,36
1945,4,10.7,4.1,2,44.7,136.6,wick_airport,-3.088,58.454,36
1945,5,11.5,5.8,0,64.3,165.3,wick_airport,-3.088,58.454,36
1945,6,14.5,8.2,0,72.9,183.8,wick_airport,-3.088,58.454,36
1945,7,16.7,10.9,0,73.9,108.0,wick_airport,-3.088,58.454,36
1945,8,16.1,9.5,0,59.3,132.5,wick_airport,-3.088,58.454,36
1945,9,15.2,8.4,0,63.5,131.7,wick_airport,-3.088,58.454,36
1945,10,13.2,7.3,1,95.1,68.1,wick_airport,-3.088,58.454,36
1945,11,10.3,6.0,0,31.7,41.2,wick_airport,-3.088,58.454,36
1945,12,8.1,2.5,3,137.4,23.1,wick_airport,-3.088,58.454,36
1946,1,6.5,1.6,6,34.1,65.1,wick_airport,-3.088,58.454,36
1946,2,6.4,0.4,10,82.8,68.2,wick_airport,-3.088,58.454,36
1946,3,8.0,1.9,6,40.8,89.5,wick_airport,-3.088,58.454,36
1946,4,11.4,3.6,2,31.6,151.8,wick_airport,-3.088,58.454,36
1946,5,11.5,5.0,1,35.6,200.8,wick_airport,-3.088,58.454,36
1946,6,14.7,7.4,0,69.3,183.4,wick_airport,-3.088,58.454,36
1946,7,16.6,10.5,0,87.8,138.0,wick_airport,-3.088,58.454,36
1946,8,16.1,8.7,0,50.4,197.8,wick_airport,-3.088,58.454,36
1946,9,15.0,8.8,0,54.7,129.3,wick_airport,-3.088,58.454,36
1946,10,11.3,6.1,1,9.7,78.3,wick_airport,-3.088,58.454,36
1946,11,9.3,3.9,6,107.0,33.1,wick_airport,-3.088,58.454,36
1946,12,6.9,1.3,7,48.2,45.4,wick_airport,-3.088,58.454,36
1947,1,5.9,1.6,4,75.1,46.1,wick_airport,-3.088,58.454,36
1947,2,2.2,-2.9,24,36.4,62.7,wick_airport,-3.088,58.454,36
1947,3,---,-2.5,17,43.9,127.6,wick_airport,-3.088,58.454,36
1947,4,---,2.9,5,46.0,141.0,wick_airport,-3.088,58.454,36
1947,5,---,6.1,0,31.4,176.8,wick_airport,-3.088,58.454,36
1947,6,---,8.0,0,64.4,121.9,wick_airport,-3.088,58.454,36
1947,7,---,10.0,0,22.4,195.1,wick_airport,-3.088,58.454,36
1947,8,18.3,11.0,0,1.4,248.4,wick_airport,-3.088,58.454,36
1947,9,15.0,8.3,0,98.9,118.1,wick_airport,-3.088,58.454,36
1947,10,12.5,7.4,0,41.1,74.7,wick_airport,-3.088,58.454,36
1947,11,7.6,2.3,8,128.3,49.3,wick_airport,-3.088,58.454,36
1947,12,7.1,2.3,8,89.7,28.7,wick_airport,-3.088,58.454,36
1948,1,5.2,0.6,10,100.3,47.9,wick_airport,-3.088,58.454,36
1948,2,6.4,1.8,2,58.2,79.0,wick_airport,-3.088,58.454,36
1948,3,10.4,3.4,2,27.2,171.3,wick_airport,-3.088,58.454,36
1948,4,10.2,3.5,5,41.2,163.6,wick_airport,-3.088,58.454,36
1948,5,11.6,4.5,4,42.8,252.9,wick_airport,-3.088,58.454,36
1948,6,13.8,8.1,0,72.9,184.4,wick_airport,-3.088,58.454,36
1948,7,15.5,9.5,0,44.1,147.7,wick_airport,-3.088,58.454,36
1948,8,14.2,9.9,0,74.6,83.6,wick_airport,-3.088,58.454,36
1948,9,14.4,8.0,1,78.7,133.2,wick_airport,-3.088,58.454,36
1948,10,10.6,4.7,5,110.0,81.6,wick_airport,-3.088,58.454,36
1948,11,9.8,3.9,6,55.8,59.3,wick_airport,-3.088,58.454,36
1948,12,8.0,4.1,1,75.7,48.9,wick_airport,-3.088,58.454,36
1949,1,7.2,1.1,13,101.4,39.4,wick_airport,-3.088,58.454,36
1949,2,8.1,1.4,7,53.1,114.8,wick_airport,-3.088,58.454,36
1949,3,6.8,1.5,9,88.5,85.5,wick_airport,-3.088,58.454,36
1949,4,11.4,3.6,6,44.4,131.9,wick_airport,-3.088,58.454,36
1949,5,12.2,5.5,0,50.3,191.5,wick_airport,-3.088,58.454,36
1949,6,14.5,6.4,0,35.5,244.5,wick_airport,-3.088,58.454,36
1949,7,16.6,9.5,0,17.4,154.4,wick_airport,-3.088,58.454,36
1949,8,15.9,10.2,0,100.0,117.5,wick_airport,-3.088,58.454,36
1949,9,15.3,10.1,0,60.4,98.9,wick_airport,-3.088,58.454,36
1949,10,12.8,7.4,2,29.3,96.4,wick_airport,-3.088,58.454,36
1949,11,9.6,3.9,3,72.2,56.5,wick_airport,-3.088,58.454,36
1949,12,6.4,0.9,7,98.9,34.7,wick_airport,-3.088,58.454,36
1950,1,7.0,2.8,4,88.0,46.9,wick_airport,-3.088,58.454,36
1950,2,6.0,-0.1,11,48.2,87.4,wick_airport,-3.088,58.454,36
1950,3,9.2,3.3,5,66.3,108.9,wick_airport,-3.088,58.454,36
1950,4,9.1,2.2,5,62.0,170.9,wick_airport,-3.088,58.454,36
1950,5,11.7,5.0,1,18.4,198.1,wick_airport,-3.088,58.454,36
1950,6,15.9,8.4,0,49.7,158.6,wick_airport,-3.088,58.454,36
1950,7,15.8,10.2,0,90.3,163.3,wick_airport,-3.088,58.454,36
1950,8,16.6,10.9,0,87.3,187.8,wick_airport,-3.088,58.454,36
1950,9,13.8,8.0,0,122.2,117.6,wick_airport,-3.088,58.454,36
1950,10,11.8,6.0,1,44.4,106.2,wick_airport,-3.088,58.454,36
1950,11,7.1,2.1,7,104.3,67.3,wick_airport,-3.088,58.454,36
1950,12,3.8,-1.1,19,115.7,24.2,wick_airport,-3.088,58.454,36
1951,1,5.0,1.0,8,66.4,60.9,wick_airport,-3.088,58.454,36
1951,2,5.6,0.6,8,88.1,56.2,wick_airport,-3.088,58.454,36
1951,3,6.0,0.6,14,92.7,102.1,wick_airport,-3.088,58.454,36
1951,4,7.9,1.3,7,62.3,161.4,wick_airport,-3.088,58.454,36
1951,5,10.1,4.7,2,11.6,200.0,wick_airport,-3.088,58.454,36
1951,6,13.1,6.7,0,21.2,180.5,wick_airport,-3.088,58.454,36
1951,7,16.0,10.0,0,94.2,121.6,wick_airport,-3.088,58.454,36
1951,8,15.4,9.7,0,75.4,145.7,wick_airport,-3.088,58.454,36
1951,9,14.6,9.3,0,36.6,138.0,wick_airport,-3.088,58.454,36
1951,10,12.6,7.9,1,48.6,83.6,wick_airport,-3.088,58.454,36
1951,11,9.4,4.5,2,129.6,50.0,wick_airport,-3.088,58.454,36
1951,12,6.7,1.8,9,61.9,51.8,wick_airport,-3.088,58.454,36
1952,1,3.9,-1.6,21,93.3,63.9,wick_airport,-3.088,58.454,36
1952,2,5.7,0.0,15,61.8,72.3,wick_airport,-3.088,58.454,36
1952,3,7.6,2.6,2,71.2,122.7,wick_airport,-3.088,58.454,36
1952,4,10.9,4.5,1,12.4,177.5,wick_airport,-3.088,58.454,36
1952,5,12.0,7.0,0,46.0,115.2,wick_airport,-3.088,58.454,36
1952,6,13.6,6.9,0,74.2,136.0,wick_airport,-3.088,58.454,36
1952,7,15.7,9.3,0,40.7,166.1,wick_airport,-3.088,58.454,36
1952,8,15.1,9.9,0,88.4,107.6,wick_airport,-3.088,58.454,36
1952,9,11.9,6.0,0,62.1,94.3,wick_airport,-3.088,58.454,36
1952,10,10.3,5.4,2,88.6,96.1,wick_airport,-3.088,58.454,36
1952,11,6.2,0.7,11,90.6,55.3,wick_airport,-3.088,58.454,36
1952,12,5.5,0.6,13,92.0,29.2,wick_airport,-3.088,58.454,36
1953,1,7.0,2.4,7,71.2,31.6,wick_airport,-3.088,58.454,36
1953,2,7.5,2.0,5,39.6,84.1,wick_airport,-3.088,58.454,36
1953,3,9.4,2.4,4,32.1,151.2,wick_airport,-3.088,58.454,36
1953,4,8.5,1.7,9,54.4,163.9,wick_airport,-3.088,58.454,36
1953,5,12.3,6.1,0,65.0,149.2,wick_airport,-3.088,58.454,36
1953,6,13.9,8.8,0,41.7,136.9,wick_airport,-3.088,58.454,36
1953,7,15.1,9.8,0,104.6,98.7,wick_airport,-3.088,58.454,36
1953,8,16.4,9.7,0,73.1,155.4,wick_airport,-3.088,58.454,36
1953,9,15.2,10.1,0,53.1,115.5,wick_airport,-3.088,58.454,36
1953,10,12.4,7.8,0,29.8,92.5,wick_airport,-3.088,58.454,36
1953,11,9.9,4.7,0,62.8,55.8,wick_airport,-3.088,58.454,36
1953,12,8.1,3.7,2,58.5,41.8,wick_airport,-3.088,58.454,36
1954,1,5.8,1.5,6,47.2,29.3,wick_airport,-3.088,58.454,36
1954,2,5.1,0.6,10,47.8,77.8,wick_airport,-3.088,58.454,36
1954,3,7.0,2.2,4,53.9,102.6,wick_airport,-3.088,58.454,36
1954,4,10.2,3.1,3,28.0,210.3,wick_airport,-3.088,58.454,36
1954,5,11.5,5.8,1,69.4,138.2,wick_airport,-3.088,58.454,36
1954,6,13.5,8.1,0,86.7,117.8,wick_airport,-3.088,58.454,36
1954,7,15.0,9.2,0,78.9,154.6,wick_airport,-3.088,58.454,36
1954,8,15.0,9.5,0,59.7,115.4,wick_airport,-3.088,58.454,36
1954,9,13.3,6.8,1,69.6,132.0,wick_airport,-3.088,58.454,36
1954,10,11.7,5.6,0,143.9,92.8,wick_airport,-3.088,58.454,36
1954,11,8.4,3.2,2,113.6,42.0,wick_airport,-3.088,58.454,36
1954,12,7.4,2.3,7,139.4,21.5,wick_airport,-3.088,58.454,36
1955,1,4.3,-0.5,13,94.1,30.4,wick_airport,-3.088,58.454,36
1955,2,3.1,-2.4,22,79.4,84.5,wick_airport,-3.088,58.454,36
1955,3,6.2,0.6,10,41.6,113.1,wick_airport,-3.088,58.454,36
1955,4,11.3,4.1,2,33.5,177.1,wick_airport,-3.088,58.454,36
1955,5,10.2,3.5,2,64.9,207.2,wick_airport,-3.088,58.454,36
1955,6,13.8,7.1,0,14.5,220.1,wick_airport,-3.088,58.454,36
1955,7,18.1,9.8,0,9.0,200.6,wick_airport,-3.088,58.454,36
1955,8,17.3,11.1,0,14.6,128.2,wick_airport,-3.088,58.454,36
1955,9,15.9,9.1,0,82.6,133.6,wick_airport,-3.088,58.454,36
1955,10,10.7,4.8,3,103.7,72.0,wick_airport,-3.088,58.454,36
1955,11,9.7,4.4,2,58.6,47.3,wick_airport,-3.088,58.454,36
1955,12,5.9,0.3,9,123.5,31.1,wick_airport,-3.088,58.454,36
1956,1,4.8,-0.8,15,138.2,37.0,wick_airport,-3.088,58.454,36
1956,2,5.0,-1.0,16,46.8,55.4,wick_airport,-3.088,58.454,36
1956,3,6.6,2.0,5,41.3,96.6,wick_airport,-3.088,58.454,36
1956,4,8.5,1.2,11,42.9,185.8,wick_airport,-3.088,58.454,36
1956,5,13.2,6.1,0,36.2,170.6,wick_airport,-3.088,58.454,36
1956,6,13.0,6.8,0,60.6,170.4,wick_airport,-3.088,58.454,36
1956,7,14.8,9.2,0,91.9,145.8,wick_airport,-3.088,58.454,36
1956,8,13.8,7.7,0,70.0,145.8,wick_airport,-3.088,58.454,36
1956,9,13.8,9.1,0,48.0,79.0,wick_airport,-3.088,58.454,36
1956,10,11.3,5.8,0,69.4,97.3,wick_airport,-3.088,58.454,36
1956,11,8.8,3.7,3,93.1,30.0,wick_airport,-3.088,58.454,36
1956,12,7.9,2.7,1,87.0,22.4,wick_airport,-3.088,58.454,36
1957,1,7.6,1.9,5,78.1,54.0,wick_airport,-3.088,58.454,36
1957,2,6.0,0.3,8,30.4,83.3,wick_airport,-3.088,58.454,36
1957,3,9.2,4.2,1,88.3,90.0,wick_airport,-3.088,58.454,36
1957,4,10.8,3.4,2,26.2,181.9,wick_airport,-3.088,58.454,36
1957,5,10.9,4.6,2,33.7,176.5,wick_airport,-3.088,58.454,36
1957,6,14.2,6.8,0,77.1,189.0,wick_airport,-3.088,58.454,36
1957,7,14.2,9.9,0,102.2,74.0,wick_airport,-3.088,58.454,36
1957,8,14.7,9.7,0,130.2,125.9,wick_airport,-3.088,58.454,36
1957,9,12.7,7.3,0,82.6,112.4,wick_airport,-3.088,58.454,36
1957,10,12.2,5.7,0,51.4,83.9,wick_airport,-3.088,58.454,36
1957,11,8.8,3.9,2,54.6,35.6,wick_airport,-3.088,58.454,36
1957,12,6.4,1.7,6,102.6,47.6,wick_airport,-3.088,58.454,36
1958,1,5.2,-0.9,15,104.1,34.8,wick_airport,-3.088,58.454,36
1958,2,5.1,-1.1,17,127.2,61.7,wick_airport,-3.088,58.454,36
1958,3,4.7,-0.2,14,74.5,105.0,wick_airport,-3.088,58.454,36
1958,4,9.6,2.6,3,37.6,156.8,wick_airport,-3.088,58.454,36
1958,5,10.5,4.1,0,82.6,212.0,wick_airport,-3.088,58.454,36
1958,6,13.3,8.2,0,23.1,160.4,wick_airport,-3.088,58.454,36
1958,7,15.7,9.5,0,54.4,163.0,wick_airport,-3.088,58.454,36
1958,8,15.1,10.2,0,81.1,102.1,wick_airport,-3.088,58.454,36
1958,9,15.2,10.4,0,21.4,138.7,wick_airport,-3.088,58.454,36
1958,10,12.7,6.9,0,88.4,101.5,wick_airport,-3.088,58.454,36
1958,11,9.8,3.5,4,34.2,69.8,wick_airport,-3.088,58.454,36
1958,12,6.3,1.5,8,87.2,24.7,wick_airport,-3.088,58.454,36
1959,1,3.6,-2.3,25,192.9,60.5,wick_airport,-3.088,58.454,36
1959,2,7.8,1.4,6,8.5,98.6,wick_airport,-3.088,58.454,36
1959,3,8.6,3.3,3,42.5,106.1,wick_airport,-3.088,58.454,36
1959,4,10.2,4.0,1,49.2,151.3,wick_airport,-3.088,58.454,36
1959,5,12.3,6.5,2,38.5,134.4,wick_airport,-3.088,58.454,36
1959,6,15.1,8.2,0,37.0,205.2,wick_airport,-3.088,58.454,36
1959,7,16.6,10.9,0,68.8,110.2,wick_airport,-3.088,58.454,36
1959,8,17.1,10.7,0,50.3,121.6,wick_airport,-3.088,58.454,36
1959,9,15.8,8.9,0,26.3,148.7,wick_airport,-3.088,58.454,36
1959,10,13.1,8.3,0,101.8,101.7,wick_airport,-3.088,58.454,36
1959,11,9.6,4.4,1,108.5,66.0,wick_airport,-3.088,58.454,36
1959,12,7.3,3.1,2,79.7,19.5,wick_airport,-3.088,58.454,36
1960,1,5.9,0.5,8,93.1,55.2,wick_airport,-3.088,58.454,36
1960,2,5.1,-1.0,15,135.4,91.0,wick_airport,-3.088,58.454,36
1960,3,6.8,2.8,5,27.2,75.1,wick_airport,-3.088,58.454,36
1960,4,10.5,4.8,0,46.2,126.4,wick_airport,-3.088,58.454,36
1960,5,13.2,6.8,1,15.1,212.8,wick_airport,-3.088,58.454,36
1960,6,16.0,9.2,0,48.6,196.1,wick_airport,-3.088,58.454,36
1960,7,15.8,10.0,0,73.5,190.9,wick_airport,-3.088,58.454,36
1960,8,15.0,9.2,0,98.6,130.9,wick_airport,-3.088,58.454,36
1960,9,14.3,8.2,0,62.4,133.4,wick_airport,-3.088,58.454,36
1960,10,11.0,8.0,0,76.5,45.5,wick_airport,-3.088,58.454,36
1960,11,8.8,4.2,1,64.1,57.2,wick_airport,-3.088,58.454,36
1960,12,5.6,1.0,7,68.8,58.6,wick_airport,-3.088,58.454,36
1961,1,5.5,0.9,9,61.8,50.8,wick_airport,-3.088,58.454,36
1961,2,7.9,2.3,8,56.2,77.7,wick_airport,-3.088,58.454,36
1961,3,10.5,3.6,5,51.3,109.5,wick_airport,-3.088,58.454,36
1961,4,9.4,3.6,6,55.1,144.0,wick_airport,-3.088,58.454,36
1961,5,11.5,5.5,1,32.4,177.6,wick_airport,-3.088,58.454,36
1961,6,14.6,7.8,0,33.4,148.0,wick_airport,-3.088,58.454,36
1961,7,14.7,9.4,0,62.5,73.9,wick_airport,-3.088,58.454,36
1961,8,15.8,9.3,0,73.9,153.0,wick_airport,-3.088,58.454,36
1961,9,15.1,9.1,0,65.0,130.7,wick_airport,-3.088,58.454,36
1961,10,11.8,7.6,0,68.7,96.1,wick_airport,-3.088,58.454,36
1961,11,7.5,1.6,8,48.8,71.6,wick_airport,-3.088,58.454,36
1961,12,4.6,-1.1,17,73.3,38.3,wick_airport,-3.088,58.454,36
1962,1,6.1,0.9,8,75.1,57.3,wick_airport,-3.088,58.454,36
1962,2,6.8,1.2,7,64.5,77.2,wick_airport,-3.088,58.454,36
1962,3,4.8,-1.3,12,74.6,125.9,wick_airport,-3.088,58.454,36
1962,4,8.6,2.1,8,62.5,197.0,wick_airport,-3.088,58.454,36
1962,5,10.3,4.8,1,50.7,114.2,wick_airport,-3.088,58.454,36
1962,6,14.7,7.7,1,54.6,160.6,wick_airport,-3.088,58.454,36
1962,7,13.7,8.7,0,33.1,120.7,wick_airport,-3.088,58.454,36
1962,8,14.2,7.9,0,119.5,146.0,wick_airport,-3.088,58.454,36
1962,9,12.7,7.4,0,55.9,80.0,wick_airport,-3.088,58.454,36
1962,10,12.1,7.2,1,37.1,81.1,wick_airport,-3.088,58.454,36
1962,11,7.2,2.7,10,69.8,34.7,wick_airport,-3.088,58.454,36
1962,12,6.0,1.0,12,104.6,30.1,wick_airport,-3.088,58.454,36
1963,1,3.2,-2.3,15,38.2,37.8,wick_airport,-3.088,58.454,36
1963,2,4.1,-1.1,17,20.9,83.7,wick_airport,-3.088,58.454,36
1963,3,7.7,2.9,2,59.2,107.6,wick_airport,-3.088,58.454,36
1963,4,9.6,3.6,3,27.9,155.5,wick_airport,-3.088,58.454,36
1963,5,11.5,4.7,0,52.5,168.7,wick_airport,-3.088,58.454,36
1963,6,14.0,8.5,0,64.8,136.2,wick_airport,-3.088,58.454,36
1963,7,14.9,8.7,0,38.2,162.4,wick_airport,-3.088,58.454,36
1963,8,14.1,9.2,0,135.4,102.3,wick_airport,-3.088,58.454,36
1963,9,14.0,8.2,0,70.0,131.3,wick_airport,-3.088,58.454,36
1963,10,12.0,6.2,0,47.8,78.2,wick_airport,-3.088,58.454,36
1963,11,7.9,3.2,11,125.8,41.6,wick_airport,-3.088,58.454,36
1963,12,5.9,1.6,10,29.1,30.1,wick_airport,-3.088,58.454,36
1964,1,7.5,2.5,3,28.7,45.7,wick_airport,-3.088,58.454,36
1964,2,6.4,2.4,4,55.0,58.0,wick_airport,-3.088,58.454,36
1964,3,6.7,2.3,3,32.5,82.2,wick_airport,-3.088,58.454,36
1964,4,10.6,3.7,3,27.3,127.0,wick_airport,-3.088,58.454,36
1964,5,12.2,6.7,0,41.0,114.3,wick_airport,-3.088,58.454,36
1964,6,14.7,7.2,0,52.4,164.4,wick_airport,-3.088,58.454,36
1964,7,15.9,8.7,0,40.2,170.7,wick_airport,-3.088,58.454,36
1964,8,14.8,8.6,0,139.9,109.6,wick_airport,-3.088,58.454,36
1964,9,13.5,7.6,0,117.6,103.6,wick_airport,-3.088,58.454,36
1964,10,11.2,5.5,1,47.3,85.7,wick_airport,-3.088,58.454,36
1964,11,9.1,3.5,3,63.5,50.3,wick_airport,-3.088,58.454,36
1964,12,5.6,0.2,10,74.7,41.3,wick_airport,-3.088,58.454,36
1965,1,5.1,-0.2,13,90.7,51.3,wick_airport,-3.088,58.454,36
1965,2,6.4,1.7,8,44.6,38.0,wick_airport,-3.088,58.454,36
1965,3,6.7,0.7,12,23.8,119.9,wick_airport,-3.088,58.454,36
1965,4,9.8,2.7,3,69.9,168.4,wick_airport,-3.088,58.454,36
1965,5,10.5,5.8,1,59.6,103.6,wick_airport,-3.088,58.454,36
1965,6,14.0,8.5,0,40.0,111.4,wick_airport,-3.088,58.454,36
1965,7,12.9,7.7,0,98.4,118.0,wick_airport,-3.088,58.454,36
1965,8,15.0,8.8,0,56.1,138.0,wick_airport,-3.088,58.454,36
1965,9,13.5,8.6,0,103.1,81.8,wick_airport,-3.088,58.454,36
1965,10,12.1,7.6,0,55.7,116.7,wick_airport,-3.088,58.454,36
1965,11,6.1,0.9,10,86.7,50.1,wick_airport,-3.088,58.454,36
1965,12,4.5,-0.3,15,96.1,28.4,wick_airport,-3.088,58.454,36
1966,1,5.1,1.3,10,45.5,20.6,wick_airport,-3.088,58.454,36
1966,2,5.4,1.2,12,67.1,61.7,wick_airport,-3.088,58.454,36
1966,3,8.3,2.2,8,80.7,107.2,wick_airport,-3.088,58.454,36
1966,4,7.5,2.0,10,13.2,146.9,wick_airport,-3.088,58.454,36
1966,5,11.9,5.0,0,68.1,199.1,wick_airport,-3.088,58.454,36
1966,6,14.3,9.5,0,106.5,94.9,wick_airport,-3.088,58.454,36
1966,7,15.6,8.5,0,86.5,162.5,wick_airport,-3.088,58.454,36
1966,8,14.8,8.9,0,86.2,143.2,wick_airport,-3.088,58.454,36
1966,9,14.6,8.9,0,76.0,72.2,wick_airport,-3.088,58.454,36
1966,10,11.2,6.1,1,136.0,75.1,wick_airport,-3.088,58.454,36
1966,11,6.8,2.1,7,102.0,46.1,wick_airport,-3.088,58.454,36
1966,12,5.7,0.8,13,137.8,29.5,wick_airport,-3.088,58.454,36
1967,1,5.9,2.3,7,101.3,27.7,wick_airport,-3.088,58.454,36
1967,2,7.2,2.8,2,57.3,68.8,wick_airport,-3.088,58.454,36
1967,3,8.3,1.8,6,87.6,116.5,wick_airport,-3.088,58.454,36
1967,4,9.9,2.6,6,43.9,147.4,wick_airport,-3.088,58.454,36
1967,5,10.5,5.1,2,60.8,173.4,wick_airport,-3.088,58.454,36
1967,6,14.4,7.6,0,33.3,218.4,wick_airport,-3.088,58.454,36
1967,7,16.6,9.7,0,33.9,155.3,wick_airport,-3.088,58.454,36
1967,8,15.5,9.7,0,68.0,110.0,wick_airport,-3.088,58.454,36
1967,9,14.3,9.7,0,90.6,86.6,wick_airport,-3.088,58.454,36
1967,10,10.9,5.4,0,91.2,93.4,wick_airport,-3.088,58.454,36
1967,11,8.6,2.5,4,80.7,48.0,wick_airport,-3.088,58.454,36
1967,12,6.2,1.1,13,121.5,31.4,wick_airport,-3.088,58.454,36
1968,1,5.5,0.1,11,77.5,38.5,wick_airport,-3.088,58.454,36
1968,2,4.2,-1.0,19,52.1,94.5,wick_airport,-3.088,58.454,36
1968,3,7.7,1.7,8,55.4,83.7,wick_airport,-3.088,58.454,36
1968,4,8.7,3.1,7,65.4,147.5,wick_airport,-3.088,58.454,36
1968,5,9.1,3.8,5,53.1,152.5,wick_airport,-3.088,58.454,36
1968,6,14.1,7.8,0,67.9,162.8,wick_airport,-3.088,58.454,36
1968,7,14.2,8.9,0,74.4,119.0,wick_airport,-3.088,58.454,36
1968,8,15.1,9.1,0,56.7,139.6,wick_airport,-3.088,58.454,36
1968,9,13.7,9.0,0,43.9,86.1,wick_airport,-3.088,58.454,36
1968,10,12.2,7.6,0,105.3,43.7,wick_airport,-3.088,58.454,36
1968,11,8.1,3.4,4,34.0,34.6,wick_airport,-3.088,58.454,36
1968,12,6.3,2.1,10,55.6,23.9,wick_airport,-3.088,58.454,36
1969,1,6.7,2.2,4,140.0,35.7,wick_airport,-3.088,58.454,36
1969,2,3.1,-2.4,19,50.1,54.4,wick_airport,-3.088,58.454,36
1969,3,5.7,0.0,14,18.7,103.9,wick_airport,-3.088,58.454,36
1969,4,9.1,2.5,6,56.0,143.9,wick_airport,-3.088,58.454,36
1969,5,10.3,5.0,1,50.2,89.4,wick_airport,-3.088,58.454,36
1969,6,15.2,8.2,0,35.1,205.7,wick_airport,-3.088,58.454,36
1969,7,17.4,9.9,0,40.6,146.8,wick_airport,-3.088,58.454,36
1969,8,16.2,11.1,0,59.4,131.7,wick_airport,-3.088,58.454,36
1969,9,14.6,7.9,0,89.1,106.3,wick_airport,-3.088,58.454,36
1969,10,13.7,7.8,0,73.3,80.4,wick_airport,-3.088,58.454,36
1969,11,5.6,-0.1,13,83.1,55.5,wick_airport,-3.088,58.454,36
1969,12,5.9,1.5,6,93.0,39.0,wick_airport,-3.088,58.454,36
1970,1,5.2,1.4,9,51.8,28.3,wick_airport,-3.088,58.454,36
1970,2,4.0,-2.1,17,97.7,77.6,wick_airport,-3.088,58.454,36
1970,3,5.9,-0.2,15,69.0,112.1,wick_airport,-3.088,58.454,36
1970,4,8.5,1.5,7,59.9,173.3,wick_airport,-3.088,58.454,36
1970,5,12.2,6.4,0,37.2,105.1,wick_airport,-3.088,58.454,36
1970,6,15.3,8.9,0,19.7,247.9,wick_airport,-3.088,58.454,36
1970,7,14.4,8.5,0,68.3,107.2,wick_airport,-3.088,58.454,36
1970,8,16.1,10.7,0,96.9,107.3,wick_airport,-3.088,58.454,36
1970,9,14.4,8.7,0,68.5,106.5,wick_airport,-3.088,58.454,36
1970,10,11.3,5.5,1,105.0,76.5,wick_airport,-3.088,58.454,36
1970,11,7.8,2.8,5,168.2,48.7,wick_airport,-3.088,58.454,36
1970,12,6.7,1.9,6,50.2,26.1,wick_airport,-3.088,58.454,36
1971,1,6.7,2.8,4,75.2,23.3,wick_airport,-3.088,58.454,36
1971,2,7.5,2.3,6,29.5,77.9,wick_airport,-3.088,58.454,36
1971,3,7.9,1.8,10,71.6,91.2,wick_airport,-3.088,58.454,36
1971,4,9.5,3.2,1,22.1,122.2,wick_airport,-3.088,58.454,36
1971,5,13.2,6.7,0,57.9,207.4,wick_airport,-3.088,58.454,36
1971,6,12.8,6.7,0,60.3,134.9,wick_airport,-3.088,58.454,36
1971,7,15.8,8.7,0,57.0,159.0,wick_airport,-3.088,58.454,36
1971,8,15.4,9.1,0,50.2,134.5,wick_airport,-3.088,58.454,36
1971,9,15.4,9.1,0,33.2,115.5,wick_airport,-3.088,58.454,36
1971,10,13.1,6.5,2,53.8,120.0,wick_airport,-3.088,58.454,36
1971,11,8.2,2.5,6,90.4,27.3,wick_airport,-3.088,58.454,36
1971,12,9.3,4.1,2,39.0,15.9,wick_airport,-3.088,58.454,36
1972,1,6.2,2.4,6,63.2,33.1,wick_airport,-3.088,58.454,36
1972,2,6.4,2.6,2,68.8,53.7,wick_airport,-3.088,58.454,36
1972,3,7.9,3.0,4,21.7,112.8,wick_airport,-3.088,58.454,36
1972,4,10.1,3.6,0,52.4,148.1,wick_airport,-3.088,58.454,36
1972,5,11.5,6.1,0,37.1,142.9,wick_airport,-3.088,58.454,36
1972,6,13.3,7.2,0,65.7,173.6,wick_airport,-3.088,58.454,36
1972,7,15.7,9.4,0,47.0,160.0,wick_airport,-3.088,58.454,36
1972,8,15.0,8.8,0,34.9,127.3,wick_airport,-3.088,58.454,36
1972,9,13.2,6.4,1,24.5,105.3,wick_airport,-3.088,58.454,36
1972,10,12.5,6.9,0,22.9,110.7,wick_airport,-3.088,58.454,36
1972,11,8.2,2.1,8,96.6,54.7,wick_airport,-3.088,58.454,36
1972,12,7.5,2.5,7,27.5,54.9,wick_airport,-3.088,58.454,36
1973,1,7.4,2.8,2,31.2,44.0,wick_airport,-3.088,58.454,36
1973,2,6.0,-0.6,13,67.2,80.6,wick_airport,-3.088,58.454,36
1973,3,9.4,2.4,8,14.1,117.9,wick_airport,-3.088,58.454,36
1973,4,7.9,1.6,9,95.8,124.9,wick_airport,-3.088,58.454,36
1973,5,11.1,5.1,0,49.0,159.5,wick_airport,-3.088,58.454,36
1973,6,15.2,8.4,0,44.3,103.8,wick_airport,-3.088,58.454,36
1973,7,15.6,9.6,0,54.3,120.9,wick_airport,-3.088,58.454,36
1973,8,15.9,9.1,0,102.8,156.2,wick_airport,-3.088,58.454,36
1973,9,14.1,8.2,0,81.9,92.1,wick_airport,-3.088,58.454,36
1973,10,11.1,4.0,8,57.3,112.6,wick_airport,-3.088,58.454,36
1973,11,7.5,1.8,10,161.9,46.6,wick_airport,-3.088,58.454,36
1973,12,6.3,0.6,10,103.0,13.7,wick_airport,-3.088,58.454,36
1974,1,7.5,2.9,0,51.2,46.4,wick_airport,-3.088,58.454,36
1974,2,7.1,2.1,5,69.2,38.2,wick_airport,-3.088,58.454,36
1974,3,7.3,2.4,5,35.0,103.2,wick_airport,-3.088,58.454,36
1974,4,9.4,3.6,2,15.3,143.6,wick_airport,-3.088,58.454,36
1974,5,11.7,6.6,0,51.1,161.0,wick_airport,-3.088,58.454,36
1974,6,14.0,7.7,0,56.2,166.7,wick_airport,-3.088,58.454,36
1974,7,15.7,8.8,0,55.7,154.2,wick_airport,-3.088,58.454,36
1974,8,16.3,9.5,0,66.8,139.1,wick_airport,-3.088,58.454,36
1974,9,13.3,6.5,2,65.5,130.7,wick_airport,-3.088,58.454,36
1974,10,10.0,4.6,1,71.7,62.0,wick_airport,-3.088,58.454,36
1974,11,8.3,3.4,2,114.0,42.4,wick_airport,-3.088,58.454,36
1974,12,7.5,2.6,5,81.2,35.4,wick_airport,-3.088,58.454,36
1975,1,7.2,0.9,12,80.5,53.1,wick_airport,-3.088,58.454,36
1975,2,7.0,2.3,2,14.9,110.1,wick_airport,-3.088,58.454,36
1975,3,6.8,1.2,9,40.2,111.4,wick_airport,-3.088,58.454,36
1975,4,8.8,2.5,6,58.8,98.8,wick_airport,-3.088,58.454,36
1975,5,10.1,4.3,0,33.2,148.1,wick_airport,-3.088,58.454,36
1975,6,14.9,6.9,1,22.2,200.9,wick_airport,-3.088,58.454,36
1975,7,16.1,10.0,0,46.2,114.8,wick_airport,-3.088,58.454,36
1975,8,17.6,11.0,0,58.6,175.0,wick_airport,-3.088,58.454,36
1975,9,14.2,7.4,0,92.1,114.4,wick_airport,-3.088,58.454,36
1975,10,12.4,7.5,1,22.4,104.5,wick_airport,-3.088,58.454,36
1975,11,8.7,3.7,3,70.6,35.3,wick_airport,-3.088,58.454,36
1975,12,8.0,3.0,3,82.6,29.7,wick_airport,-3.088,58.454,36
1976,1,5.9,1.0,9,134.4,26.5,wick_airport,-3.088,58.454,36
1976,2,7.0,2.7,3,57.2,72.2,wick_airport,-3.088,58.454,36
1976,3,6.5,2.1,4,75.2,90.3,wick_airport,-3.088,58.454,36
1976,4,9.9,3.8,3,14.5,102.1,wick_airport,-3.088,58.454,36
1976,5,12.0,6.3,0,29.5,179.5,wick_airport,-3.088,58.454,36
1976,6,16.1,8.7,0,23.3,138.2,wick_airport,-3.088,58.454,36
1976,7,17.8,10.9,0,34.1,194.3,wick_airport,-3.088,58.454,36
1976,8,17.3,9.5,0,20.8,214.3,wick_airport,-3.088,58.454,36
1976,9,13.3,9.1,0,93.5,71.6,wick_airport,-3.088,58.454,36
1976,10,11.9,7.4,0,84.1,74.4,wick_airport,-3.088,58.454,36
1976,11,8.6,3.1,4,32.9,92.7,wick_airport,-3.088,58.454,36
1976,12,4.5,-0.7,15,63.9,26.4,wick_airport,-3.088,58.454,36
1977,1,5.2,0.2,13,77.7,58.0,wick_airport,-3.088,58.454,36
1977,2,5.3,0.6,12,60.6,77.1,wick_airport,-3.088,58.454,36
1977,3,7.9,3.1,4,46.2,88.4,wick_airport,-3.088,58.454,36
1977,4,8.3,2.4,6,74.4,148.4,wick_airport,-3.088,58.454,36
1977,5,11.1,4.8,3,70.4,196.2,wick_airport,-3.088,58.454,36
1977,6,12.9,6.5,0,60.3,164.2,wick_airport,-3.088,58.454,36
1977,7,15.1,9.3,0,33.2,132.3,wick_airport,-3.088,58.454,36
1977,8,15.0,9.6,0,83.3,142.8,wick_airport,-3.088,58.454,36
1977,9,13.1,7.6,0,62.4,110.5,wick_airport,-3.088,58.454,36
1977,10,12.4,7.8,0,31.3,71.6,wick_airport,-3.088,58.454,36
1977,11,7.4,2.1,6,111.2,51.2,wick_airport,-3.088,58.454,36
1977,12,7.6,2.5,5,41.6,25.7,wick_airport,-3.088,58.454,36
1978,1,5.1,-0.2,16,92.4,41.5,wick_airport,-3.088,58.454,36
1978,2,4.1,-1.6,12,72.2,68.9,wick_airport,-3.088,58.454,36
1978,3,8.1,2.0,8,94.6,126.2,wick_airport,-3.088,58.454,36
1978,4,7.6,2.1,8,35.3,121.0,wick_airport,-3.088,58.454,36
1978,5,12.1,6.0,0,21.2,198.5,wick_airport,-3.088,58.454,36
1978,6,13.9,8.3,0,29.9,140.3,wick_airport,-3.088,58.454,36
1978,7,14.0,8.9,0,50.6,100.6,wick_airport,-3.088,58.454,36
1978,8,14.8,9.8,0,41.8,106.0,wick_airport,-3.088,58.454,36
1978,9,13.9,7.6,0,113.7,128.6,wick_airport,-3.088,58.454,36
1978,10,12.7,6.6,0,55.5,75.8,wick_airport,-3.088,58.454,36
1978,11,9.2,3.4,6,69.3,53.5,wick_airport,-3.088,58.454,36
1978,12,5.8,3.3,5,63.4,17.9,wick_airport,-3.088,58.454,36
1979,1,3.4,-2.1,20,66.5,27.1,wick_airport,-3.088,58.454,36
1979,2,3.7,-1.0,15,23.9,92.6,wick_airport,-3.088,58.454,36
1979,3,5.9,0.1,12,71.6,107.7,wick_airport,-3.088,58.454,36
1979,4,8.6,3.1,3,87.0,99.3,wick_airport,-3.088,58.454,36
1979,5,10.5,3.6,8,67.8,167.8,wick_airport,-3.088,58.454,36
1979,6,13.7,8.1,0,59.7,170.2,wick_airport,-3.088,58.454,36
1979,7,15.2,9.3,0,86.9,92.3,wick_airport,-3.088,58.454,36
1979,8,14.7,9.2,0,72.0,105.8,wick_airport,-3.088,58.454,36
1979,9,14.4,7.4,0,56.9,155.5,wick_airport,-3.088,58.454,36
1979,10,11.7,8.3,0,104.5,78.8,wick_airport,-3.088,58.454,36
1979,11,7.7,2.3,5,131.1,41.8,wick_airport,-3.088,58.454,36
1979,12,6.1,2.2,4,107.1,35.3,wick_airport,-3.088,58.454,36
1980,1,5.1,1.7,5,76.3,36.8,wick_airport,-3.088,58.454,36
1980,2,6.4,1.6,5,58.2,59.1,wick_airport,-3.088,58.454,36
1980,3,5.9,1.5,9,71.8,75.6,wick_airport,-3.088,58.454,36
1980,4,10.0,3.7,0,15.3,141.5,wick_airport,-3.088,58.454,36
1980,5,11.0,4.8,2,9.5,165.6,wick_airport,-3.088,58.454,36
1980,6,14.5,8.9,0,55.7,123.4,wick_airport,-3.088,58.454,36
1980,7,14.4,9.5,0,58.6,100.9,wick_airport,-3.088,58.454,36
1980,8,15.0,10.2,0,65.8,91.7,wick_airport,-3.088,58.454,36
1980,9,14.8,9.3,0,98.7,104.7,wick_airport,-3.088,58.454,36
1980,10,10.0,5.1,0,116.2,85.7,wick_airport,-3.088,58.454,36
1980,11,7.7,3.1,5,134.6,35.8,wick_airport,-3.088,58.454,36
1980,12,7.0,2.0,3,111.3,19.4,wick_airport,-3.088,58.454,36
1981,1,6.2,-0.5,16,97.6,42.3,wick_airport,-3.088,58.454,36
1981,2,5.7,1.4,6,58.5,78.9,wick_airport,-3.088,58.454,36
1981,3,7.3,2.0,6,72.8,98.0,wick_airport,-3.088,58.454,36
1981,4,9.1,2.2,9,30.5,157.9,wick_airport,-3.088,58.454,36
1981,5,11.3,6.2,1,43.4,175.2,wick_airport,-3.088,58.454,36
1981,6,13.6,7.8,0,85.5,130.3,wick_airport,-3.088,58.454,36
1981,7,15.8,9.9,0,63.9,121.6,wick_airport,-3.088,58.454,36
1981,8,15.9,9.9,0,61.9,113.0,wick_airport,-3.088,58.454,36
1981,9,14.7,9.4,0,103.2,95.5,wick_airport,-3.088,58.454,36
1981,10,8.9,2.6,4,130.9,91.3,wick_airport,-3.088,58.454,36
1981,11,8.1,2.8,6,125.3,53.0,wick_airport,-3.088,58.454,36
1981,12,3.9,-1.7,17,71.6,28.8,wick_airport,-3.088,58.454,36
1982,1,4.8,0.1,10,80.8,35.3,wick_airport,-3.088,58.454,36
1982,2,6.8,2.3,3,26.1,78.3,wick_airport,-3.088,58.454,36
1982,3,8.0,2.2,5,92.4,120.6,wick_airport,-3.088,58.454,36
1982,4,9.8,3.9,3,36.3,103.9,wick_airport,-3.088,58.454,36
1982,5,12.1,4.3,5,61.7,225.7,wick_airport,-3.088,58.454,36
1982,6,13.4,8.3,0,13.8,149.4,wick_airport,-3.088,58.454,36
1982,7,16.7,10.3,0,49.4,167.4,wick_airport,-3.088,58.454,36
1982,8,16.0,9.9,0,73.3,130.4,wick_airport,-3.088,58.454,36
1982,9,14.1,7.9,0,102.9,99.5,wick_airport,-3.088,58.454,36
1982,10,11.6,7.4,0,70.9,72.7,wick_airport,-3.088,58.454,36
1982,11,8.3,2.8,6,117.4,47.3,wick_airport,-3.088,58.454,36
1982,12,5.9,0.5,13,115.8,26.7,wick_airport,-3.088,58.454,36
1983,1,7.0,1.8,9,104.3,25.2,wick_airport,-3.088,58.454,36
1983,2,4.7,-0.6,12,47.6,59.7,wick_airport,-3.088,58.454,36
1983,3,8.3,2.7,6,71.9,69.4,wick_airport,-3.088,58.454,36
1983,4,7.6,1.3,10,41.5,110.6,wick_airport,-3.088,58.454,36
1983,5,9.8,5.2,1,34.1,94.5,wick_airport,-3.088,58.454,36
1983,6,13.5,7.7,0,51.4,167.2,wick_airport,-3.088,58.454,36
1983,7,16.7,9.8,0,23.7,165.1,wick_airport,-3.088,58.454,36
1983,8,16.7,10.4,0,24.9,122.3,wick_airport,-3.088,58.454,36
1983,9,13.4,8.5,0,88.1,77.5,wick_airport,-3.088,58.454,36
1983,10,11.6,5.5,1,92.6,78.0,wick_airport,-3.088,58.454,36
1983,11,8.9,4.4,4,31.7,26.0,wick_airport,-3.088,58.454,36
1983,12,8.0,2.6,6,114.8,15.6,wick_airport,-3.088,58.454,36
1984,1,3.9,-1.9,19,136.9,37.5,wick_airport,-3.088,58.454,36
1984,2,6.5,1.9,7,58.8,45.8,wick_airport,-3.088,58.454,36
1984,3,6.5,2.0,4,56.2,72.5,wick_airport,-3.088,58.454,36
1984,4,9.3,3.1,1,47.6,154.2,wick_airport,-3.088,58.454,36
1984,5,11.2,4.2,0,11.8,177.4,wick_airport,-3.088,58.454,36
1984,6,14.3,8.3,0,50.9,106.0,wick_airport,-3.088,58.454,36
1984,7,16.3,10.3,0,34.9,91.5,wick_airport,-3.088,58.454,36
1984,8,17.4,10.1,0,16.9,173.3,wick_airport,-3.088,58.454,36
1984,9,13.2,7.7,0,99.0,90.0,wick_airport,-3.088,58.454,36
1984,10,12.0,5.3,1,176.1,114.8,wick_airport,-3.088,58.454,36
1984,11,9.3,5.1,2,137.3,36.5,wick_airport,-3.088,58.454,36
1984,12,7.8,3.0,5,85.9,40.6,wick_airport,-3.088,58.454,36
1985,1,4.4,-1.0,15,83.2,33.3,wick_airport,-3.088,58.454,36
1985,2,6.4,1.1,5,30.4,84.4,wick_airport,-3.088,58.454,36
1985,3,6.3,1.0,10,76.9,108.3,wick_airport,-3.088,58.454,36
1985,4,9.1,3.0,4,87.7,120.2,wick_airport,-3.088,58.454,36
1985,5,11.0,5.3,1,76.2,163.5,wick_airport,-3.088,58.454,36
1985,6,13.0,6.7,0,88.5,190.6,wick_airport,-3.088,58.454,36
1985,7,15.5,10.3,0,90.8,115.8,wick_airport,-3.088,58.454,36
1985,8,14.7,9.8,0,127.0,141.2,wick_airport,-3.088,58.454,36
1985,9,13.4,7.8,0,98.0,124.3,wick_airport,-3.088,58.454,36
1985,10,12.6,6.9,0,20.3,132.7,wick_airport,-3.088,58.454,36
1985,11,6.0,0.3,13,140.2,39.0,wick_airport,-3.088,58.454,36
1985,12,6.6,1.1,7,81.3,41.3,wick_airport,-3.088,58.454,36
1986,1,5.0,0.5,13,77.6,30.5,wick_airport,-3.088,58.454,36
1986,2,3.8,-1.4,15,21.5,93.8,wick_airport,-3.088,58.454,36
1986,3,7.5,1.8,4,57.2,137.3,wick_airport,-3.088,58.454,36
1986,4,7.5,1.3,8,42.6,127.3,wick_airport,-3.088,58.454,36
1986,5,12.2,6.1,1,62.7,193.5,wick_airport,-3.088,58.454,36
1986,6,13.8,7.9,0,43.5,178.7,wick_airport,-3.088,58.454,36
1986,7,15.6,9.7,0,66.8,141.9,wick_airport,-3.088,58.454,36
1986,8,13.5,7.9,0,72.8,150.8,wick_airport,-3.088,58.454,36
1986,9,13.1,6.2,0,67.8,106.0,wick_airport,-3.088,58.454,36
1986,10,11.8,6.6,1,66.0,110.6,wick_airport,-3.088,58.454,36
1986,11,9.1,3.3,3,41.5,52.3,wick_airport,-3.088,58.454,36
1986,12,6.2,1.3,9,114.6,26.7,wick_airport,-3.088,58.454,36
1987,1,4.8,0.4,12,50.0,29.4,wick_airport,-3.088,58.454,36
1987,2,5.3,0.1,12,67.4,61.6,wick_airport,-3.088,58.454,36
1987,3,5.9,0.6,12,117.1,119.8,wick_airport,-3.088,58.454,36
1987,4,10.9,4.2,3,42.1,123.8,wick_airport,-3.088,58.454,36
1987,5,10.8,4.9,1,41.8,143.3,wick_airport,-3.088,58.454,36
1987,6,12.6,5.5,0,31.8,165.3,wick_airport,-3.088,58.454,36
1987,7,14.8,9.9,0,99.4,87.4,wick_airport,-3.088,58.454,36
1987,8,15.0,9.6,0,54.2,114.9,wick_airport,-3.088,58.454,36
1987,9,14.0,8.1,0,62.5,148.2,wick_airport,-3.088,58.454,36
1987,10,10.9,5.8,1,114.1,86.8,wick_airport,-3.088,58.454,36
1987,11,8.4,3.4,4,69.4,50.8,wick_airport,-3.088,58.454,36
1987,12,7.7,2.0,10,58.2,43.2,wick_airport,-3.088,58.454,36
1988,1,6.2,1.3,14,86.4,59.0,wick_airport,-3.088,58.454,36
1988,2,6.4,1.4,8,60.1,74.6,wick_airport,-3.088,58.454,36
1988,3,7.0,1.1,12,79.7,122.1,wick_airport,-3.088,58.454,36
1988,4,9.3,3.2,5,49.8,140.5,wick_airport,-3.088,58.454,36
1988,5,11.4,6.3,0,54.9,213.9,wick_airport,-3.088,58.454,36
1988,6,14.4,8.7,0,12.5,149.2,wick_airport,-3.088,58.454,36
1988,7,15.3,10.0,0,86.7,144.7,wick_airport,-3.088,58.454,36
1988,8,15.6,10.0,0,91.0,110.2,wick_airport,-3.088,58.454,36
1988,9,14.9,8.9,0,62.7,123.5,wick_airport,-3.088,58.454,36
1988,10,11.4,6.6,0,102.0,62.4,wick_airport,-3.088,58.454,36
1988,11,8.6,3.3,3,76.5,63.3,wick_airport,-3.088,58.454,36
1988,12,8.9,3.9,1,67.4,22.9,wick_airport,-3.088,58.454,36
1989,1,9.4,3.8,2,24.5,73.1,wick_airport,-3.088,58.454,36
1989,2,7.2,1.0,8,86.0,88.6,wick_airport,-3.088,58.454,36
1989,3,8.3,1.6,8,42.5,137.4,wick_airport,-3.088,58.454,36
1989,4,8.3,2.5,6,50.0,123.3,wick_airport,-3.088,58.454,36
1989,5,12.5,5.5,0,33.6,232.0,wick_airport,-3.088,58.454,36
1989,6,14.3,6.9,1,30.9,205.1,wick_airport,-3.088,58.454,36
1989,7,16.9,10.1,0,57.1,158.0,wick_airport,-3.088,58.454,36
1989,8,16.0,9.5,0,65.5,130.8,wick_airport,-3.088,58.454,36
1989,9,14.5,7.7,1,47.1,137.2,wick_airport,-3.088,58.454,36
1989,10,11.8,6.5,0,74.2,84.7,wick_airport,-3.088,58.454,36
1989,11,8.7,4.3,3,43.2,83.4,wick_airport,-3.088,58.454,36
1989,12,6.6,0.9,13,49.4,39.6,wick_airport,-3.088,58.454,36
1990,1,7.6,2.1,6,39.5,60.8,wick_airport,-3.088,58.454,36
1990,2,7.5,2.1,4,115.1,79.9,wick_airport,-3.088,58.454,36
1990,3,9.5,3.0,4,70.4,91.5,wick_airport,-3.088,58.454,36
1990,4,9.9,2.7,5,53.8,188.2,wick_airport,-3.088,58.454,36
1990,5,12.2,6.1,0,25.6,203.4,wick_airport,-3.088,58.454,36
1990,6,13.6,8.5,0,69.8,103.3,wick_airport,-3.088,58.454,36
1990,7,16.2,9.6,0,44.5,214.0,wick_airport,-3.088,58.454,36
1990,8,17.1,10.9,0,83.2,148.7,wick_airport,-3.088,58.454,36
1990,9,13.7,7.0,0,95.2,106.2,wick_airport,-3.088,58.454,36
1990,10,12.0,7.2,2,71.3,96.3,wick_airport,-3.088,58.454,36
1990,11,8.3,3.7,2,89.1,55.1,wick_airport,-3.088,58.454,36
1990,12,6.7,1.8,7,76.7,29.4,wick_airport,-3.088,58.454,36
1991,1,5.8,0.5,12,44.7,77.8,wick_airport,-3.088,58.454,36
1991,2,5.1,0.5,7,44.8,54.3,wick_airport,-3.088,58.454,36
1991,3,8.9,3.4,1,89.2,93.5,wick_airport,-3.088,58.454,36
1991,4,9.5,3.9,2,24.0,174.7,wick_airport,-3.088,58.454,36
1991,5,11.7,5.8,0,49.6,151.7,wick_airport,-3.088,58.454,36
1991,6,12.2,5.9,1,74.1,167.4,wick_airport,-3.088,58.454,36
1991,7,16.0,10.9,0,63.8,102.7,wick_airport,-3.088,58.454,36
1991,8,17.8,10.7,0,35.1,164.1,wick_airport,-3.088,58.454,36
1991,9,14.4,7.5,2,44.8,150.4,wick_airport,-3.088,58.454,36
1991,10,11.2,6.5,0,72.1,54.5,wick_airport,-3.088,58.454,36
1991,11,8.6,3.1,4,128.0,42.9,wick_airport,-3.088,58.454,36
1991,12,7.6,2.0,4,51.2,21.0,wick_airport,-3.088,58.454,36
1992,1,7.5,2.0,7,46.8,39.8,wick_airport,-3.088,58.454,36
1992,2,7.7,2.1,6,64.3,61.5,wick_airport,-3.088,58.454,36
1992,3,7.7,1.9,5,87.5,63.6,wick_airport,-3.088,58.454,36
1992,4,9.4,3.9,1,61.7,104.2,wick_airport,-3.088,58.454,36
1992,5,12.6,6.1,2,43.7,234.3,wick_airport,-3.088,58.454,36
1992,6,15.1,8.6,0,41.0,152.5,wick_airport,-3.088,58.454,36
1992,7,15.7,10.0,0,65.2,115.2,wick_airport,-3.088,58.454,36
1992,8,15.1,9.6,0,151.2,133.9,wick_airport,-3.088,58.454,36
1992,9,13.5,8.4,0,96.1,89.6,wick_airport,-3.088,58.454,36
1992,10,9.7,3.9,3,97.3,74.9,wick_airport,-3.088,58.454,36
1992,11,8.3,2.5,6,79.8,51.1,wick_airport,-3.088,58.454,36
1992,12,5.9,0.6,11,49.6,46.4,wick_airport,-3.088,58.454,36
1993,1,6.0,0.9,10,93.7,35.4,wick_airport,-3.088,58.454,36
1993,2,7.9,3.5,3,31.2,40.4,wick_airport,-3.088,58.454,36
1993,3,8.2,2.7,4,56.5,113.4,wick_airport,-3.088,58.454,36
1993,4,9.1,3.8,3,34.2,99.6,wick_airport,-3.088,58.454,36
1993,5,10.4,5.0,2,65.8,115.2,wick_airport,-3.088,58.454,36
1993,6,13.0,7.7,0,44.8,---,wick_airport,-3.088,58.454,36
1993,7,14.0,8.5,0,85.8,---,wick_airport,-3.088,58.454,36
1993,8,14.5,8.7,0,63.6,110.5,wick_airport,-3.088,58.454,36
1993,9,13.0,7.8,1,31.1,129.1,wick_airport,-3.088,58.454,36
1993,10,9.3,5.2,3,84.6,49.2,wick_airport,-3.088,58.454,36
1993,11,7.6,3.0,6,41.4,66.5,wick_airport,-3.088,58.454,36
1993,12,4.7,-0.3,15,75.0,---,wick_airport,-3.088,58.454,36
1994,1,5.3,0.8,11,82.9,---,wick_airport,-3.088,58.454,36
1994,2,4.5,1.2,6,30.4,---,wick_airport,-3.088,58.454,36
1994,3,7.0,1.1,6,70.5,---,wick_airport,-3.088,58.454,36
1994,4,9.3,2.6,7,47.4,---,wick_airport,-3.088,58.454,36
1994,5,11.3,3.8,2,19.6,---,wick_airport,-3.088,58.454,36
1994,6,15.0,7.4,0,45.6,---,wick_airport,-3.088,58.454,36
1994,7,16.2,10.5,0,47.0,---,wick_airport,-3.088,58.454,36
1994,8,15.5,9.7,0,53.0,---,wick_airport,-3.088,58.454,36
1994,9,13.7,7.2,0,86.4,---,wick_airport,-3.088,58.454,36
1994,10,10.9,5.2,1,61.0,---,wick_airport,-3.088,58.454,36
1994,11,10.2,5.8,2,95.0,---,wick_airport,-3.088,58.454,36
1994,12,6.8,1.9,7,62.6,---,wick_airport,-3.088,58.454,36
1995,1,5.5,0.2,11,98.0,---,wick_airport,-3.088,58.454,36
1995,2,6.2,0.2,13,73.6,---,wick_airport,-3.088,58.454,36
1995,3,6.5,0.3,14,67.2,---,wick_airport,-3.088,58.454,36
1995,4,9.1,3.0,5,74.4,---,wick_airport,-3.088,58.454,36
1995,5,11.2,4.7,4,73.8,---,wick_airport,-3.088,58.454,36
1995,6,14.1,7.2,0,49.4,---,wick_airport,-3.088,58.454,36
1995,7,16.6,9.7,0,46.9,---,wick_airport,-3.088,58.454,36
1995,8,18.4,10.3,0,16.8,---,wick_airport,-3.088,58.454,36
1995,9,13.8,8.6,1,160.4,---,wick_airport,-3.088,58.454,36
1995,10,13.1,7.4,0,59.6,---,wick_airport,-3.088,58.454,36
1995,11,9.5,4.4,2,69.6,---,wick_airport,-3.088,58.454,36
1995,12,4.9,-0.3,12,38.3,---,wick_airport,-3.088,58.454,36
1996,1,6.4,4.1,1,22.6,---,wick_airport,-3.088,58.454,36
1996,2,5.4,0.4,11,106.8,---,wick_airport,-3.088,58.454,36
1996,3,5.7,2.1,4,63.6,---,wick_airport,-3.088,58.454,36
1996,4,9.6,4.2,1,58.2,---,wick_airport,-3.088,58.454,36
1996,5,10.2,3.4,2,69.4,---,wick_airport,-3.088,58.454,36
1996,6,14.6,8.4,0,27.6,---,wick_airport,-3.088,58.454,36
1996,7,16.0,8.7,0,33.0,---,wick_airport,-3.088,58.454,36
1996,8,16.5,10.9,0,29.9,---,wick_airport,-3.088,58.454,36
1996,9,14.5,---,---,35.6,---,wick_airport,-3.088,58.454,36
1996,10,12.1,6.8,0,114.2,---,wick_airport,-3.088,58.454,36
1996,11,6.7,0.7,14,164.4,---,wick_airport,-3.088,58.454,36
1996,12,5.4,0.8,11,98.0,---,wick_airport,-3.088,58.454,36
1997,1,5.9,0.6,13,35.8,---,wick_airport,-3.088,58.454,36
1997,2,7.2,1.1,6,102.2,---,wick_airport,-3.088,58.454,36
1997,3,9.4,3.2,2,93.6,---,wick_airport,-3.088,58.454,36
1997,4,10.4,3.7,6,60.6,---,wick_airport,-3.088,58.454,36
1997,5,10.8,5.4,2,81.4,---,wick_airport,-3.088,58.454,36
1997,6,13.1,7.8,0,78.0,---,wick_airport,-3.088,58.454,36
1997,7,16.8,10.4,0,42.8,---,wick_airport,-3.088,58.454,36
1997,8,18.1,11.8,0,38.6,---,wick_airport,-3.088,58.454,36
1997,9,14.9,7.7,0,49.0,---,wick_airport,-3.088,58.454,36
1997,10,11.8,5.9,0,32.8,---,wick_airport,-3.088,58.454,36
1997,11,9.8,6.6,0,81.0,---,wick_airport,-3.088,58.454,36
1997,12,7.7,3.2,6,71.8,---,wick_airport,-3.088,58.454,36
1998,1,6.6,2.1,9,101.8,---,wick_airport,-3.088,58.454,36
1998,2,---,---,---,87.9,---,wick_airport,-3.088,58.454,36
1998,3,8.6,1.8,9,85.8,---,wick_airport,-3.088,58.454,36
1998,4,8.4,3.2,5,51.6,---,wick_airport,-3.088,58.454,36
1998,5,12.2,5.6,1,29.6,---,wick_airport,-3.088,58.454,36
1998,6,13.0,6.6,0,61.8,---,wick_airport,-3.088,58.454,36
1998,7,14.9,9.5,0,121.0,---,wick_airport,-3.088,58.454,36
1998,8,15.3,9.7,0,64.2,---,wick_airport,-3.088,58.454,36
1998,9,14.5,9.8,1,87.0,---,wick_airport,-3.088,58.454,36
1998,10,10.3,5.0,1,167.9,---,wick_airport,-3.088,58.454,36
1998,11,8.0,2.5,6,106.3,---,wick_airport,-3.088,58.454,36
1998,12,7.4,2.1,7,67.6,---,wick_airport,-3.088,58.454,36
1999,1,5.6,1.3,9,80.2,---,wick_airport,-3.088,58.454,36
1999,2,5.4,0.0,12,90.8,---,wick_airport,-3.088,58.454,36
1999,3,8.4,2.4,7,47.4,---,wick_airport,-3.088,58.454,36
1999,4,9.9,4.0,7,59.6,---,wick_airport,-3.088,58.454,36
1999,5,11.5,6.4,0,64.7,---,wick_airport,-3.088,58.454,36
1999,6,13.6,7.7,0,93.0,---,wick_airport,-3.088,58.454,36
1999,7,16.4,10.0,0,30.2,---,wick_airport,-3.088,58.454,36
1999,8,15.9,9.4,0,57.6,---,wick_airport,-3.088,58.454,36
1999,9,15.4,10.0,0,80.0,---,wick_airport,-3.088,58.454,36
1999,10,12.0,7.4,0,78.4,---,wick_airport,-3.088,58.454,36
1999,11,9.3,4.0,3,70.6,---,wick_airport,-3.088,58.454,36
1999,12,5.2,0.1,13,117.0,---,wick_airport,-3.088,58.454,36
2000,1,6.9,1.9,2,71.0,---,wick_airport,-3.088,58.454,36
2000,2,6.7,1.1,9,66.4,---,wick_airport,-3.088,58.454,36
2000,3,8.8,2.4,7,73.4,---,wick_airport,-3.088,58.454,36
2000,4,8.4,2.9,6,86.6,---,wick_airport,-3.088,58.454,36
2000,5,12.1,5.3,0,47.2,---,wick_airport,-3.088,58.454,36
2000,6,13.7,6.9,0,48.4,---,wick_airport,-3.088,58.454,36
2000,7,14.5,9.1,0,26.2,---,wick_airport,-3.088,58.454,36
2000,8,16.3,9.7,0,64.6,---,wick_airport,-3.088,58.454,36
2000,9,14.6,9.9,0,60.0,---,wick_airport,-3.088,58.454,36
2000,10,12.1,6.7,0,93.8,---,wick_airport,-3.088,58.454,36
2000,11,8.2,2.5,2,113.3,---,wick_airport,-3.088,58.454,36
2000,12,6.7,3.3,5,97.3,---,wick_airport,-3.088,58.454,36
2001,1,5.5,0.3,13,27.2,---,wick_airport,-3.088,58.454,36
2001,2,5.2,-0.4,15,78.8,---,wick_airport,-3.088,58.454,36
2001,3,6.4,0.3,12,38.4,---,wick_airport,-3.088,58.454,36
2001,4,9.4,2.9,3,33.1,---,wick_airport,-3.088,58.454,36
2001,5,12.9,5.7,1,42.4,---,wick_airport,-3.088,58.454,36
2001,6,13.4,7.4,0,51.4,---,wick_airport,-3.088,58.454,36
2001,7,15.7,9.8,0,81.4,---,wick_airport,-3.088,58.454,36
2001,8,16.5,9.9,0,102.2,---,wick_airport,-3.088,58.454,36
2001,9,13.2,8.4,0,105.8,---,wick_airport,-3.088,58.454,36
2001,10,13.3,9.5,0,129.8,---,wick_airport,-3.088,58.454,36
2001,11,9.0,3.2,0,88.4,---,wick_airport,-3.088,58.454,36
2001,12,6.1,0.8,13,94.0,---,wick_airport,-3.088,58.454,36
2002,1,7.6,2.9,4,84.2,---,wick_airport,-3.088,58.454,36
2002,2,6.3,0.4,10,117.0,---,wick_airport,-3.088,58.454,36
2002,3,8.5,2.4,4,54.4,---,wick_airport,-3.088,58.454,36
2002,4,10.8,4.7,3,42.6,---,wick_airport,-3.088,58.454,36
2002,5,12.9,6.2,0,25.4,---,wick_airport,-3.088,58.454,36
2002,6,15.2,8.8,0,62.0,---,wick_airport,-3.088,58.454,36
2002,7,16.1,9.7,0,104.6,---,wick_airport,-3.088,58.454,36
2002,8,16.6,10.9,0,34.9,---,wick_airport,-3.088,58.454,36
2002,9,15.4,9.1,0,29.6,---,wick_airport,-3.088,58.454,36
2002,10,10.6,5.0,2,117.8,---,wick_airport,-3.088,58.454,36
2002,11,9.3,5.6,3,107.0,---,wick_airport,-3.088,58.454,36
2002,12,7.1,3.9,4,64.4,---,wick_airport,-3.088,58.454,36
2003,1,6.5,1.3,8,103.2,---,wick_airport,-3.088,58.454,36
2003,2,6.4,1.6,9,31.4,---,wick_airport,-3.088,58.454,36
2003,3,10.0,3.2,5,30.6,---,wick_airport,-3.088,58.454,36
2003,4,10.7,5.7,0,50.6,---,wick_airport,-3.088,58.454,36
2003,5,12.9,6.2,1,78.6,---,wick_airport,-3.088,58.454,36
2003,6,16.4,10.1,0,73.8,---,wick_airport,-3.088,58.454,36
2003,7,18.0,12.0,0,36.0,---,wick_airport,-3.088,58.454,36
2003,8,18.1,10.8,0,29.4,---,wick_airport,-3.088,58.454,36
2003,9,15.9,8.6,0,55.2,---,wick_airport,-3.088,58.454,36
2003,10,10.9,4.2,3,95.6,---,wick_airport,-3.088,58.454,36
2003,11,9.9,4.6,2,62.8,---,wick_airport,-3.088,58.454,36
2003,12,7.0,1.2,11,94.6,---,wick_airport,-3.088,58.454,36
2004,1,6.0,1.2,10,96.0,---,wick_airport,-3.088,58.454,36
2004,2,6.8,0.3,14,48.6,---,wick_airport,-3.088,58.454,36
2004,3,8.9,3.0,2,36.6,---,wick_airport,-3.088,58.454,36
2004,4,10.8,5.1,0,64.4,---,wick_airport,-3.088,58.454,36
2004,5,13.0,6.2,1,26.6,---,wick_airport,-3.088,58.454,36
2004,6,14.8,8.9,0,87.6,---,wick_airport,-3.088,58.454,36
2004,7,16.1,9.7,0,48.8,---,wick_airport,-3.088,58.454,36
2004,8,16.1,11.0,0,58.4,---,wick_airport,-3.088,58.454,36
2004,9,15.2,8.1,0,66.4,---,wick_airport,-3.088,58.454,36
2004,10,11.6,6.5,0,111.2,---,wick_airport,-3.088,58.454,36
2004,11,9.2,3.6,4,80.2,---,wick_airport,-3.088,58.454,36
2004,12,7.9,1.8,9,54.8,---,wick_airport,-3.088,58.454,36
2005,1,7.2,2.0,8,96.4,---,wick_airport,-3.088,58.454,36
2005,2,6.2,1.1,11,65.0,---,wick_airport,-3.088,58.454,36
2005,3,8.5,3.1,5,58.2,---,wick_airport,-3.088,58.454,36
2005,4,10.3,4.4,2,36.6,---,wick_airport,-3.088,58.454,36
2005,5,11.7,4.5,2,57.6,---,wick_airport,-3.088,58.454,36
2005,6,15.0,8.6,0,79.8,---,wick_airport,-3.088,58.454,36
2005,7,15.8,10.2,0,40.4,---,wick_airport,-3.088,58.454,36
2005,8,16.0,10.0,0,81.8,---,wick_airport,-3.088,58.454,36
2005,9,15.2,9.1,0,50.2,---,wick_airport,-3.088,58.454,36
2005,10,13.0,7.8,1,80.6,---,wick_airport,-3.088,58.454,36
2005,11,8.9,2.9,6,92.2,---,wick_airport,-3.088,58.454,36
2005,12,7.9,3.6,4,67.8,---,wick_airport,-3.088,58.454,36
2006,1,7.3,2.2,7,22.6,---,wick_airport,-3.088,58.454,36
2006,2,6.8,1.7,10,30.6,---,wick_airport,-3.088,58.454,36
2006,3,5.6,0.7,10,56.2,---,wick_airport,-3.088,58.454,36
2006,4,9.6,2.4,4,56.1,---,wick_airport,-3.088,58.454,36
2006,5,11.8,4.7,3,53.2,---,wick_airport,-3.088,58.454,36
2006,6,15.2,8.8,0,37.6,---,wick_airport,-3.088,58.454,36
2006,7,18.5,11.4,0,37.8,---,wick_airport,-3.088,58.454,36
2006,8,16.0,11.2,0,83.4,---,wick_airport,-3.088,58.454,36
2006,9,16.4,10.8,0,63.2,---,wick_airport,-3.088,58.454,36
2006,10,12.9,8.1,0,234.6,---,wick_airport,-3.088,58.454,36
2006,11,9.5,4.4,0,95.6,---,wick_airport,-3.088,58.454,36
2006,12,7.8,2.2,6,58.4,---,wick_airport,-3.088,58.454,36
2007,1,7.5,2.2,2,76.4,---,wick_airport,-3.088,58.454,36
2007,2,7.5,2.8,5,87.2,---,wick_airport,-3.088,58.454,36
2007,3,9.0,3.4,5,50.6,---,wick_airport,-3.088,58.454,36
2007,4,12.9,5.6,1,36.8,---,wick_airport,-3.088,58.454,36
2007,5,12.0,5.4,3,67.8,---,wick_airport,-3.088,58.454,36
2007,6,13.2,8.6,0,29.6,---,wick_airport,-3.088,58.454,36
2007,7,14.9,9.6,0,93.6,---,wick_airport,-3.088,58.454,36
2007,8,15.4,9.6,0,89.8,---,wick_airport,-3.088,58.454,36
2007,9,14.1,7.7,0,51.4,---,wick_airport,-3.088,58.454,36
2007,10,13.0,7.4,0,32.4,---,wick_airport,-3.088,58.454,36
2007,11,8.7,3.9,1,106.8,---,wick_airport,-3.088,58.454,36
2007,12,7.3,1.8,9,62.0,---,wick_airport,-3.088,58.454,36
2008,1,6.9,1.0,7,117.8,---,wick_airport,-3.088,58.454,36
2008,2,8.5,1.3,9,37.0,---,wick_airport,-3.088,58.454,36
2008,3,7.3,0.9,9,58.4,---,wick_airport,-3.088,58.454,36
2008,4,9.4,3.9,2,58.8,---,wick_airport,-3.088,58.454,36
2008,5,12.8,7.0,1,9.2,---,wick_airport,-3.088,58.454,36
2008,6,14.6,8.4,0,67.0,---,wick_airport,-3.088,58.454,36
2008,7,15.9,10.8,0,29.8,---,wick_airport,-3.088,58.454,36
2008,8,16.4,11.0,0,58.6,---,wick_airport,-3.088,58.454,36
2008,9,14.9,9.7,0,67.0,---,wick_airport,-3.088,58.454,36
2008,10,11.3,4.8,2,89.0,---,wick_airport,-3.088,58.454,36
2008,11,8.5,3.4,7,53.2,---,wick_airport,-3.088,58.454,36
2008,12,6.9,1.4,11,73.4,---,wick_airport,-3.088,58.454,36
2009,1,6.6,2.0,8,36.6,---,wick_airport,-3.088,58.454,36
2009,2,6.5,1.2,9,71.2,---,wick_airport,-3.088,58.454,36
2009,3,8.8,2.6,4,75.8,---,wick_airport,-3.088,58.454,36
2009,4,10.9,5.3,1,34.2,---,wick_airport,-3.088,58.454,36
2009,5,12.9,6.2,0,52.2,---,wick_airport,-3.088,58.454,36
2009,6,14.1,7.5,0,45.3,---,wick_airport,-3.088,58.454,36
2009,7,16.7,10.8,0,104.8,---,wick_airport,-3.088,58.454,36
2009,8,16.8,11.1,0,89.8,---,wick_airport,-3.088,58.454,36
2009,9,15.6,9.5,0,93.6,---,wick_airport,-3.088,58.454,36
2009,10,12.2,7.1,1,126.8,---,wick_airport,-3.088,58.454,36
2009,11,9.5,4.6,0,127.6,---,wick_airport,-3.088,58.454,36
2009,12,6.2,0.5,16,63.4,---,wick_airport,-3.088,58.454,36
2010,1,4.7,0.5,11,49.9,---,wick_airport,-3.088,58.454,36
2010,2,4.9,-1.0,17,73.0,---,wick_airport,-3.088,58.454,36
2010,3,8.4,2.1,8,53.4,---,wick_airport,-3.088,58.454,36
2010,4,10.4,3.6,2,43.2,---,wick_airport,-3.088,58.454,36
2010,5,11.5,4.4,2,54.2,---,wick_airport,-3.088,58.454,36
2010,6,14.8,9.1,0,25.6,---,wick_airport,-3.088,58.454,36
2010,7,16.2,10.4,0,88.2,---,wick_airport,-3.088,58.454,36
2010,8,15.8,9.9,0,65.4,---,wick_airport,-3.088,58.454,36
2010,9,13.8,8.7,0,82.6,---,wick_airport,-3.088,58.454,36
2010,10,11.4,7.1,0,48.8,---,wick_airport,-3.088,58.454,36
2010,11,6.8,1.3,9,67.8,---,wick_airport,-3.088,58.454,36
2010,12,3.5,-2.9,21,58.4,---,wick_airport,-3.088,58.454,36
2011,1,5.8,1.0,9,67.8,---,wick_airport,-3.088,58.454,36
2011,2,7.0,2.8,3,51.8,---,wick_airport,-3.088,58.454,36
2011,3,8.4,2.4,7,50.0,---,wick_airport,-3.088,58.454,36
2011,4,12.7,5.9,0,28.4,---,wick_airport,-3.088,58.454,36
2011,5,12.6,6.4,0,86.6,---,wick_airport,-3.088,58.454,36
2011,6,14.7,7.7,0,53.6,---,wick_airport,-3.088,58.454,36
2011,7,15.2,9.7,0,22.8,---,wick_airport,-3.088,58.454,36
2011,8,15.1,9.7,0,180.2,---,wick_airport,-3.088,58.454,36
2011,9,15.2,9.7,0,59.2,---,wick_airport,-3.088,58.454,36
2011,10,12.5,7.7,0,74.2,---,wick_airport,-3.088,58.454,36
2011,11,11.2,7.2,0,39.0,---,wick_airport,-3.088,58.454,36
2011,12,6.2,0.6,10,95.8,---,wick_airport,-3.088,58.454,36
2012,1,6.3,1.3,7,91.6,---,wick_airport,-3.088,58.454,36
2012,2,8.4,2.8,6,43.0,---,wick_airport,-3.088,58.454,36
2012,3,11.2,4.6,1,16.0,---,wick_airport,-3.088,58.454,36
2012,4,8.7,2.5,6,78.2,---,wick_airport,-3.088,58.454,36
2012,5,11.4,4.3,4,26.8,---,wick_airport,-3.088,58.454,36
2012,6,12.5,6.9,0,44.4,---,wick_airport,-3.088,58.454,36
2012,7,14.8,9.2,0,55.0,---,wick_airport,-3.088,58.454,36
2012,8,16.0,10.6,0,62.0*,---,wick_airport,-3.088,58.454,36
2012,9,14.1,7.7,0,84.4,---,wick_airport,-3.088,58.454,36
2012,10,10.2,3.6,2,95.8,---,wick_airport,-3.088,58.454,36
2012,11,8.2,2.9,4,62.1*,---,wick_airport,-3.088,58.454,36
2012,12,5.9,1.0,11,124.7*,---,wick_airport,-3.088,58.454,36
2013,1,6.2,2.5,1,59.5*,---,wick_airport,-3.088,58.454,36
2013,2,6.3,0.2,11,48.4,---,wick_airport,-3.088,58.454,36
2013,3,5.4,0.1,12,33.8,---,wick_airport,-3.088,58.454,36
2013,4,9.1,2.0,6,37.4*,---,wick_airport,-3.088,58.454,36
2013,5,11.4,5.0,1,50.4*,---,wick_airport,-3.088,58.454,36
2013,6,14.8,8.6,0,22.6,---,wick_airport,-3.088,58.454,36
2013,7,18.2,11.3,0,39.8*,---,wick_airport,-3.088,58.454,36
2013,8,17.2,10.6,0,42.8,---,wick_airport,-3.088,58.454,36
2013,9,15.1,8.7,0,52.8,---,wick_airport,-3.088,58.454,36
2013,10,12.6,8.2,0,85.4,---,wick_airport,-3.088,58.454,36
2013,11,8.5,2.7,7,108.6,---,wick_airport,-3.088,58.454,36
2013,12,8.0,3.3,2,60.8,---,wick_airport,-3.088,58.454,36
2014,1,6.8,3.7,1,82.8,---,wick_airport,-3.088,58.454,36
2014,2,7.4,2.8,4,78.2,---,wick_airport,-3.088,58.454,36
2014,3,9.2,3.9,1,35.6,---,wick_airport,-3.088,58.454,36
2014,4,10.2,5.0,1,32.6,---,wick_airport,-3.088,58.454,36
2014,5,12.2,6.8,1,46.4,---,wick_airport,-3.088,58.454,36
2014,6,15.5,9.7,0,45.2,---,wick_airport,-3.088,58.454,36
2014,7,17.1,11.1,0,48.6,---,wick_airport,-3.088,58.454,36
2014,8,15.6,10.0,0,122.2,---,wick_airport,-3.088,58.454,36
2014,9,15.3,9.9,0,38.8,---,wick_airport,-3.088,58.454,36
2014,10,12.6,7.4,0,95.4,---,wick_airport,-3.088,58.454,36
2014,11,10.4,6.7,0,93.0,---,wick_airport,-3.088,58.454,36
2014,12,6.5,1.3,8,69.2,---,wick_airport,-3.088,58.454,36
2015,1,5.9,1.2,5,100.0,---,wick_airport,-3.088,58.454,36
2015,2,7.1,1.9,6,28.6,---,wick_airport,-3.088,58.454,36
2015,3,8.3,2.8,4,62.0,---,wick_airport,-3.088,58.454,36
2015,4,10.5,2.8,4,37.2,---,wick_airport,-3.088,58.454,36
2015,5,11.0,4.7,3,83.0,---,wick_airport,-3.088,58.454,36
2015,6,13.5,7.2,0,66.0,---,wick_airport,-3.088,58.454,36
2015,7,15.1,8.8,0,80.8,---,wick_airport,-3.088,58.454,36
2015,8,16.3,10.9,0,83.0,---,wick_airport,-3.088,58.454,36
2015,9,14.4,9.3,0,24.8,---,wick_airport,-3.088,58.454,36
2015,10,13.0,7.3,0,67.4,---,wick_airport,-3.088,58.454,36
2015,11,9.1,3.9,3,72.4,---,wick_airport,-3.088,58.454,36
2015,12,8.6,3.5,2,52.6,---,wick_airport,-3.088,58.454,36
2016,1,6.4,1.6,10,141.6,---,wick_airport,-3.088,58.454,36
2016,2,6.1,0.4,9,75.6,---,wick_airport,-3.088,58.454,36
2016,3,8.4,2.6,7,34.2,---,wick_airport,-3.088,58.454,36
2016,4,8.8,2.8,6,64.0,---,wick_airport,-3.088,58.454,36
2016,5,12.1,6.3,0,35.4,---,wick_airport,-3.088,58.454,36
2016,6,13.7,8.9,0,39.4,---,wick_airport,-3.088,58.454,36
2016,7,16.7,10.3,0,112.1,---,wick_airport,-3.088,58.454,36
2016,8,16.2,10.6,0,63.9*,---,wick_airport,-3.088,58.454,36
2016,9,15.9,10.8,0,66.8*,---,wick_airport,-3.088,58.454,36
2016,10,12.5,7.7,0,48.6,---,wick_airport,-3.088,58.454,36
2016,11,7.9,2.2,5,52.6,---,wick_airport,-3.088,58.454,36
2016,12,9.6,4.1,2,59.0,---,wick_airport,-3.088,58.454,36
2017,1,7.4,2.4,6,96.4,---,wick_airport,-3.088,58.454,36
2017,2,7.8,2.8,6,56.9,---,wick_airport,-3.088,58.454,36
2017,3,9.2,3.2,3,63.6,---,wick_airport,-3.088,58.454,36
2017,4,10.3,3.9,2,39.8,---,wick_airport,-3.088,58.454,36
2017,5,13.7,7.4,0,25.8,---,wick_airport,-3.088,58.454,36
2017,6,15.2,9.6,0,128.6,---,wick_airport,-3.088,58.454,36
2017,7,16.2,9.7,0,72.8,---,wick_airport,-3.088,58.454,36
2017,8,16.3,10.4,0,80.0,---,wick_airport,-3.088,58.454,36
2017,9,14.5,9.9,0,87.6,---,wick_airport,-3.088,58.454,36
2017,10,13.1,7.9,0,87.6,---,wick_airport,-3.088,58.454,36
2017,11,7.4,2.5,1,139.0,---,wick_airport,-3.088,58.454,36
2017,12,6.7,1.6,11,71.6,---,wick_airport,-3.088,58.454,36
2018,1,5.5,1.0,12,56.4,---,wick_airport,-3.088,58.454,36
2018,2,5.5,0.5,9,34.1,---,wick_airport,-3.088,58.454,36
2018,3,6.1,1.3,6,67.0,---,wick_airport,-3.088,58.454,36
2018,4,10.2,3.8,4,39.2,---,wick_airport,-3.088,58.454,36
2018,5,13.6,6.8,0,32.8,---,wick_airport,-3.088,58.454,36
2018,6,15.3,8.8,0,17.8,---,wick_airport,-3.088,58.454,36
2018,7,18.6*,11.4*,0*,57.6,---,wick_airport,-3.088,58.454,36
2018,8,16.6,10.1,0,52.7,---,wick_airport,-3.088,58.454,36
2018,9,14.5,8.0,0,86.6,---,wick_airport,-3.088,58.454,36
2018,10,11.9,6.2,1,94.8,---,wick_airport,-3.088,58.454,36
2018,11,10.1,6.3,0,53.0,---,wick_airport,-3.088,58.454,36
2018,12,7.7,3.4,5,36.3,---,wick_airport,-3.088,58.454,36
2019,1,6.1,1.3,11,62.6,---,wick_airport,-3.088,58.454,36
2019,2,9.1,3.3,5,47.1,---,wick_airport,-3.088,58.454,36
2019,3,9.1,3.3,4,64.2,---,wick_airport,-3.088,58.454,36
2019,4,10.2,5.8,1,32.8,---,wick_airport,-3.088,58.454,36
2019,5,11.3,4.6,4,51.4,---,wick_airport,-3.088,58.454,36
2019,6,14.7,8.9,0,63.6,---,wick_airport,-3.088,58.454,36
2019,7,17.0,11.3,0,62.6,---,wick_airport,-3.088,58.454,36
2019,8,16.8,11.2,0,92.4,---,wick_airport,-3.088,58.454,36
2019,9,14.6,8.8,0,52.4,---,wick_airport,-3.088,58.454,36
2019,10,11.4,5.8,1,69.2,---,wick_airport,-3.088,58.454,36
2019,11,7.5,3.8,5,116.9,---,wick_airport,-3.088,58.454,36
2019,12,7.4,2.6,7,52.8,---,wick_airport,-3.088,58.454,36
2020,1,8.2,3.0,3,43.8,---,wick_airport,-3.088,58.454,36
2020,2,6.8,1.4,5,82.1,---,wick_airport,-3.088,58.454,36
2020,3,8.2,2.0,6,21.8,---,wick_airport,-3.088,58.454,36
2020,4,10.3,3.8,4,14.4,---,wick_airport,-3.088,58.454,36
2020,5,12.8,5.5,2,46.4,---,wick_airport,-3.088,58.454,36
2020,6,14.4,9.3,0,47.2,---,wick_airport,-3.088,58.454,36
2020,7,15.6,9.2,0,77.8,---,wick_airport,-3.088,58.454,36
2020,8,16.2,10.8,0,47.0,---,wick_airport,-3.088,58.454,36
2020,9,15.1,8.7,0,41.0,---,wick_airport,-3.088,58.454,36
2020,10,11.5,6.8,0,139.2,---,wick_airport,-3.088,58.454,36
2020,11,10.2,5.6,0,47.4,---,wick_airport,-3.088,58.454,36
2020,12,7.3,3.0,9,80.7,---,wick_airport,-3.088,58.454,36
2021,1,4.5,-0.7,20,70.6,---,wick_airport,-3.088,58.454,36
2021,2,6.4,1.0,8,30.2,---,wick_airport,-3.088,58.454,36
2021,3,9.1,3.5,2,62.8,---,wick_airport,-3.088,58.454,36
2021,4,8.8,1.1,13,32.9,---,wick_airport,-3.088,58.454,36
2021,5,10.4,4.2,3,41.1,---,wick_airport,-3.088,58.454,36
2021,6,16.0,8.8,0,23.8,---,wick_airport,-3.088,58.454,36
2021,7,16.6,11.5,0,9.6,---,wick_airport,-3.088,58.454,36
2021,8,16.2,10.5,0,25.4,---,wick_airport,-3.088,58.454,36
2021,9,16.0,10.3,0,87.2,---,wick_airport,-3.088,58.454,36
2021,10,12.7,7.0,0,111.4,---,wick_airport,-3.088,58.454,36
2021,11,9.3,4.4,2,109.0,---,wick_airport,-3.088,58.454,36
2021,12,7.3,2.4,4,43.6,---,wick_airport,-3.088,58.454,36
2022,1,8.0,2.9,3,49.4,---,wick_airport,-3.088,58.454,36
2022,2,6.6,1.0,7,77.8,---,wick_airport,-3.088,58.454,36
2022,3,9.5,3.4,4,23.4,---,wick_airport,-3.088,58.454,36
2022,4,9.5,4.0,3,61.2,---,wick_airport,-3.088,58.454,36
2022,5,13.4,7.2,0,48.2,---,wick_airport,-3.088,58.454,36
2022,6,16.2,9.6,0,17.8,---,wick_airport,-3.088,58.454,36
2022,7,17.3,10.8,0,64.6,---,wick_airport,-3.088,58.454,36
2022,8,17.1,10.8,0,58.2,---,wick_airport,-3.088,58.454,36
2022,9,14.8,9.5,0,75.2,---,wick_airport,-3.088,58.454,36
2022,10,13.0,8.4,0,93.4,---,wick_airport,-3.088,58.454,36
2022,11,10.7*,6.0*,2*,98.6,---,wick_airport,-3.088,58.454,36
2022,12,5.8,1.1,13,81.8,---,wick_airport,-3.088,58.454,36
2023,1,6.7,1.9,8,91.0*,---,wick_airport,-3.088,58.454,36
2023,2,8.7,3.1,3,43.8,---,wick_airport,-3.088,58.454,36
2023,3,6.1,0.6,11,58.0,---,wick_airport,-3.088,58.454,36
2023,4,9.7,4.1,4,46.6,---,wick_airport,-3.088,58.454,36
2023,5,12.8,7.0,0,36.4,---,wick_airport,-3.088,58.454,36
2023,6,16.6,10.3,0,91.2,---,wick_airport,-3.088,58.454,36
2023,7,16.0,10.0,0,69.2,---,wick_airport,-3.088,58.454,36
2023,8,16.7,10.8,0,76.2,---,wick_airport,-3.088,58.454,36
2023,9,16.7,10.1,0,101.0,---,wick_airport,-3.088,58.454,36
2023,10,11.7,7.2,0,105.0,---,wick_airport,-3.088,58.454,36
2023,11,8.7,2.4,4,86.6,---,wick_airport,-3.088,58.454,36
2023,12,7.1,1.9,8,163.5*,---,wick_airport,-3.088,58.454,36
2024,1,6.4,1.4,8,83.8,---,wick_airport,-3.088,58.454,36
2024,2,7.7,1.7,7,54.6,---,wick_airport,-3.088,58.454,36